Scan_ID,Timestamp,Location_ID,Location,State,Type,Latitude,Longitude,Threat_Probability,Threat_Level,Classification,Confidence,fume,metal,gpr,ground_cv,drone_cv,disturbance,thermal
SCAN_20251003_030844_372,2025-10-03 03:08:44,LOC_019,Peren Border,Nagaland,Border,25.5,93.7333,69.7,HIGH,Enhanced Monitoring,85.4,57.8,50.8,52.8,67.7,80.3,77.0,52.3
SCAN_20251003_035208_315,2025-10-03 03:52:08,LOC_029,Guwahati City,Assam,Urban,26.1445,91.7362,44.1,MODERATE,Routine Monitoring,91.4,25.2,31.9,44.7,36.8,38.6,48.9,35.5
SCAN_20251003_054017_460,2025-10-03 05:40:17,LOC_029,Guwahati City,Assam,Urban,26.1445,91.7362,29.0,MODERATE,Routine Monitoring,85.6,30.6,25.8,13.5,8.8,16.2,26.1,20.9
SCAN_20251003_060740_272,2025-10-03 06:07:40,LOC_014,Tuensang District,Nagaland,Rural,26.2667,94.8167,51.4,HIGH,Enhanced Monitoring,93.7,45.7,55.0,41.0,23.8,22.8,56.0,63.7
SCAN_20251003_064443_140,2025-10-03 06:44:43,LOC_018,Phek District,Nagaland,Rural,25.6667,94.5,44.0,MODERATE,Routine Monitoring,88.5,28.8,32.3,41.9,41.0,44.8,24.9,40.2
SCAN_20251003_074556_130,2025-10-03 07:45:56,LOC_022,Tura Town,Meghalaya,Urban,25.5138,90.2022,48.5,MODERATE,Routine Monitoring,92.8,38.2,52.9,45.2,39.2,61.0,60.7,46.5
SCAN_20251003_083222_037,2025-10-03 08:32:22,LOC_024,Jowai Checkpoint,Meghalaya,Checkpoint,25.45,92.2,49.8,MODERATE,Routine Monitoring,93.3,36.6,39.2,35.2,46.2,59.5,36.3,40.4
SCAN_20251003_085935_349,2025-10-03 08:59:35,LOC_038,Dharmanagar Border,Tripura,Border,24.3667,92.1667,100.0,CRITICAL,Immediate Action Required,89.0,73.5,89.0,81.7,62.2,65.1,66.8,86.2
SCAN_20251003_130825_249,2025-10-03 13:08:25,LOC_025,Nongpoh Junction,Meghalaya,Transport,25.9,91.8833,16.2,LOW,Area Cleared,88.1,13.9,7.3,5.0,0.0,0.1,25.1,8.0
SCAN_20251003_132052_467,2025-10-03 13:20:52,LOC_031,Silchar Airport,Assam,Transport,24.9128,92.9786,60.7,HIGH,Enhanced Monitoring,91.5,59.4,39.8,58.4,56.6,58.1,44.3,49.4
SCAN_20251003_161358_388,2025-10-03 16:13:58,LOC_012,Dimapur Junction,Nagaland,Transport,25.9097,93.7267,68.3,HIGH,Enhanced Monitoring,86.1,57.7,45.3,55.6,82.2,81.7,48.4,52.8
SCAN_20251003_200409_454,2025-10-03 20:04:09,LOC_029,Guwahati City,Assam,Urban,26.1445,91.7362,6.6,LOW,Area Cleared,83.9,9.6,12.7,0.0,18.3,1.4,0.0,0.0
SCAN_20251003_200625_290,2025-10-03 20:06:25,LOC_048,Itanagar Capital,Arunachal Pradesh,Urban,27.1,93.6167,31.9,MODERATE,Routine Monitoring,86.1,22.3,27.1,26.8,29.3,19.5,19.3,21.5
SCAN_20251003_204124_152,2025-10-03 20:41:24,LOC_046,Lunglei Town,Mizoram,Urban,22.8833,92.7333,21.1,LOW,Area Cleared,89.3,0.0,0.0,16.5,24.9,37.6,8.6,11.1
SCAN_20251003_205127_500,2025-10-03 20:51:27,LOC_050,Ziro Valley,Arunachal Pradesh,Hilly,27.5667,93.8333,32.9,MODERATE,Routine Monitoring,94.5,24.6,22.8,30.9,14.0,23.7,25.3,34.3
SCAN_20251003_215448_141,2025-10-03 21:54:48,LOC_034,Jorhat District,Assam,Rural,26.75,94.2167,27.9,MODERATE,Routine Monitoring,96.5,21.4,17.6,7.9,23.0,20.9,21.0,32.8
SCAN_20251004_001358_393,2025-10-04 00:13:58,LOC_048,Itanagar Capital,Arunachal Pradesh,Urban,27.1,93.6167,26.5,MODERATE,Routine Monitoring,85.0,31.3,8.1,5.7,29.9,34.9,0.0,10.7
SCAN_20251004_002007_138,2025-10-04 00:20:07,LOC_023,Dawki Border,Meghalaya,Border,25.1667,92.0,64.1,HIGH,Enhanced Monitoring,92.6,55.9,66.3,57.7,40.6,55.6,45.8,65.1
SCAN_20251004_035851_497,2025-10-04 03:58:51,LOC_039,Udaipur District,Tripura,Rural,23.5333,91.4833,17.9,LOW,Area Cleared,84.3,6.8,16.7,5.3,9.3,3.6,30.3,0.4
SCAN_20251004_043624_416,2025-10-04 04:36:24,LOC_038,Dharmanagar Border,Tripura,Border,24.3667,92.1667,64.9,HIGH,Enhanced Monitoring,96.8,49.8,58.4,63.3,71.0,58.2,38.0,58.8
SCAN_20251004_044814_267,2025-10-04 04:48:14,LOC_005,Thoubal Checkpoint,Manipur,Checkpoint,24.6333,94.0,52.3,HIGH,Enhanced Monitoring,87.5,50.7,33.2,58.1,40.3,48.2,36.8,37.4
SCAN_20251004_045108_006,2025-10-04 04:51:08,LOC_049,Tawang Border,Arunachal Pradesh,Border,27.5833,91.8667,89.7,CRITICAL,Immediate Action Required,92.1,63.3,65.9,60.0,96.5,96.2,72.8,78.6
SCAN_20251004_054032_465,2025-10-04 05:40:32,LOC_036,Haflong Hills,Assam,Hilly,25.1667,93.0167,38.2,MODERATE,Routine Monitoring,84.4,27.5,24.9,40.3,41.7,37.3,18.3,17.2
SCAN_20251004_062019_209,2025-10-04 06:20:19,LOC_049,Tawang Border,Arunachal Pradesh,Border,27.5833,91.8667,100.0,CRITICAL,Immediate Action Required,94.8,75.0,75.5,67.4,77.8,66.8,65.6,72.6
SCAN_20251004_063459_058,2025-10-04 06:34:59,LOC_023,Dawki Border,Meghalaya,Border,25.1667,92.0,100.0,CRITICAL,Immediate Action Required,86.1,70.5,76.2,72.4,73.9,65.5,81.2,77.7
SCAN_20251004_072237_256,2025-10-04 07:22:37,LOC_050,Ziro Valley,Arunachal Pradesh,Hilly,27.5667,93.8333,29.2,MODERATE,Routine Monitoring,95.4,29.3,21.6,39.8,16.9,17.5,8.1,0.0
SCAN_20251004_085752_163,2025-10-04 08:57:52,LOC_035,Kokrajhar Border,Assam,Border,26.4014,90.2714,85.2,CRITICAL,Immediate Action Required,87.6,48.4,65.5,86.6,85.1,85.2,64.0,83.6
SCAN_20251004_114414_080,2025-10-04 11:44:14,LOC_009,Kakching District,Manipur,Rural,24.4986,93.9811,24.1,LOW,Area Cleared,92.0,16.6,13.5,15.7,23.8,15.5,15.7,12.6
SCAN_20251004_120242_259,2025-10-04 12:02:42,LOC_006,Ukhrul Hills,Manipur,Hilly,25.06,94.36,62.7,HIGH,Enhanced Monitoring,88.4,46.8,67.9,62.4,52.2,51.4,46.2,51.8
SCAN_20251004_120424_190,2025-10-04 12:04:24,LOC_001,Imphal City Center,Manipur,Urban,24.817,93.9368,48.0,MODERATE,Routine Monitoring,87.9,40.9,49.1,25.0,40.6,33.7,47.5,45.3
SCAN_20251004_120641_188,2025-10-04 12:06:41,LOC_041,Sabroom Border Post,Tripura,Border,23.0,91.7167,100.0,CRITICAL,Immediate Action Required,92.5,83.6,87.2,80.4,86.5,86.0,88.0,66.9
SCAN_20251004_135915_253,2025-10-04 13:59:15,LOC_015,Mokokchung Town,Nagaland,Urban,26.3222,94.5167,37.8,MODERATE,Routine Monitoring,93.1,33.9,33.7,31.0,23.2,15.9,42.6,28.6
SCAN_20251004_152517_022,2025-10-04 15:25:17,LOC_030,Tezpur Airbase,Assam,Military,26.6333,92.8,100.0,CRITICAL,Immediate Action Required,95.0,93.8,95.0,81.4,88.9,100.0,71.4,77.8
SCAN_20251004_173908_245,2025-10-04 17:39:08,LOC_033,Dibrugarh Oil Town,Assam,Industrial,27.4833,94.9,52.9,HIGH,Enhanced Monitoring,95.9,37.5,42.5,40.7,48.6,57.4,56.5,36.0
SCAN_20251004_182809_487,2025-10-04 18:28:09,LOC_017,Zunheboto Hills,Nagaland,Hilly,25.9667,94.5333,42.8,MODERATE,Routine Monitoring,93.3,36.0,30.9,23.9,45.6,42.3,37.3,29.3
SCAN_20251004_191609_376,2025-10-04 19:16:09,LOC_016,Wokha Checkpoint,Nagaland,Checkpoint,26.1,94.2667,57.4,HIGH,Enhanced Monitoring,95.6,41.6,57.4,44.7,57.5,55.8,53.9,33.9
SCAN_20251004_192027_417,2025-10-04 19:20:27,LOC_050,Ziro Valley,Arunachal Pradesh,Hilly,27.5667,93.8333,23.1,LOW,Area Cleared,83.1,7.2,14.1,16.4,17.4,11.1,14.5,35.2
SCAN_20251004_192655_044,2025-10-04 19:26:55,LOC_044,Aizawl City,Mizoram,Urban,23.7307,92.7173,36.4,MODERATE,Routine Monitoring,95.7,20.2,14.9,27.9,39.0,44.3,33.7,27.9
SCAN_20251004_221128_030,2025-10-04 22:11:28,LOC_003,Bishnupur District,Manipur,Rural,24.5965,93.7699,40.7,MODERATE,Routine Monitoring,82.8,25.8,30.0,24.5,53.5,39.9,15.8,44.9
SCAN_20251004_221702_385,2025-10-04 22:17:02,LOC_028,Williamnagar Border,Meghalaya,Border,25.4833,90.1333,61.7,HIGH,Enhanced Monitoring,87.8,53.9,50.8,32.5,62.3,73.1,61.4,43.4
SCAN_20251004_235525_457,2025-10-04 23:55:25,LOC_045,Champhai Border,Mizoram,Border,23.4667,93.3333,100.0,CRITICAL,Immediate Action Required,92.3,90.1,83.8,86.3,77.0,97.2,94.5,87.3
SCAN_20251005_022741_048,2025-10-05 02:27:41,LOC_016,Wokha Checkpoint,Nagaland,Checkpoint,26.1,94.2667,30.9,MODERATE,Routine Monitoring,87.3,20.2,25.8,20.9,25.4,13.9,43.5,15.9
SCAN_20251005_071609_292,2025-10-05 07:16:09,LOC_041,Sabroom Border Post,Tripura,Border,23.0,91.7167,100.0,CRITICAL,Immediate Action Required,88.3,85.7,100.0,100.0,94.7,98.0,97.3,84.6
SCAN_20251005_073332_181,2025-10-05 07:33:32,LOC_047,Saiha District,Mizoram,Rural,22.4833,92.9833,53.5,HIGH,Enhanced Monitoring,88.8,51.1,46.0,67.1,31.9,26.6,50.0,41.2
SCAN_20251005_074008_297,2025-10-05 07:40:08,LOC_029,Guwahati City,Assam,Urban,26.1445,91.7362,25.3,MODERATE,Routine Monitoring,83.1,23.5,28.2,2.0,9.2,1.7,34.0,24.4
SCAN_20251005_083721_282,2025-10-05 08:37:21,LOC_021,Shillong City Center,Meghalaya,Urban,25.5788,91.8933,40.6,MODERATE,Routine Monitoring,87.3,41.9,28.4,41.1,27.7,26.3,27.7,29.4
SCAN_20251005_084647_196,2025-10-05 08:46:47,LOC_004,Churachandpur Border,Manipur,Border,24.3333,93.6833,62.1,HIGH,Enhanced Monitoring,90.6,49.1,57.8,43.1,60.1,64.1,47.1,58.5
SCAN_20251005_090204_069,2025-10-05 09:02:04,LOC_018,Phek District,Nagaland,Rural,25.6667,94.5,48.4,MODERATE,Routine Monitoring,83.1,37.9,56.8,36.7,20.5,27.4,56.9,47.9
SCAN_20251005_121338_395,2025-10-05 12:13:38,LOC_019,Peren Border,Nagaland,Border,25.5,93.7333,100.0,CRITICAL,Immediate Action Required,85.6,83.7,83.5,59.2,76.8,80.0,81.5,66.9
SCAN_20251005_124555_354,2025-10-05 12:45:55,LOC_036,Haflong Hills,Assam,Hilly,25.1667,93.0167,77.5,CRITICAL,Immediate Action Required,95.1,60.2,62.6,57.2,63.5,67.4,57.4,71.0
SCAN_20251005_130730_471,2025-10-05 13:07:30,LOC_003,Bishnupur District,Manipur,Rural,24.5965,93.7699,10.3,LOW,Area Cleared,84.3,11.5,0.0,0.0,0.0,0.0,0.0,0.0
SCAN_20251005_164216_139,2025-10-05 16:42:16,LOC_014,Tuensang District,Nagaland,Rural,26.2667,94.8167,53.5,HIGH,Enhanced Monitoring,83.7,50.4,36.1,51.7,50.1,47.4,34.3,46.0
SCAN_20251005_182340_248,2025-10-05 18:23:40,LOC_025,Nongpoh Junction,Meghalaya,Transport,25.9,91.8833,29.3,MODERATE,Routine Monitoring,88.0,12.3,16.8,13.9,33.0,31.3,27.3,23.2
SCAN_20251005_200720_401,2025-10-05 20:07:20,LOC_004,Churachandpur Border,Manipur,Border,24.3333,93.6833,88.3,CRITICAL,Immediate Action Required,96.3,69.6,73.4,74.9,55.7,50.2,70.0,77.0
SCAN_20251005_201948_484,2025-10-05 20:19:48,LOC_050,Ziro Valley,Arunachal Pradesh,Hilly,27.5667,93.8333,30.3,MODERATE,Routine Monitoring,94.3,21.8,13.1,31.5,29.3,18.9,26.6,18.6
SCAN_20251006_025202_258,2025-10-06 02:52:02,LOC_049,Tawang Border,Arunachal Pradesh,Border,27.5833,91.8667,100.0,CRITICAL,Immediate Action Required,94.1,78.5,84.6,81.1,82.3,75.8,78.7,74.1
SCAN_20251006_050657_430,2025-10-06 05:06:57,LOC_014,Tuensang District,Nagaland,Rural,26.2667,94.8167,60.1,HIGH,Enhanced Monitoring,91.9,42.8,49.0,66.5,57.5,48.0,46.1,60.2
SCAN_20251006_051017_344,2025-10-06 05:10:17,LOC_018,Phek District,Nagaland,Rural,25.6667,94.5,37.4,MODERATE,Routine Monitoring,86.2,24.1,33.6,18.5,39.1,40.5,27.6,22.7
SCAN_20251006_071620_426,2025-10-06 07:16:20,LOC_010,Senapati Checkpoint,Manipur,Checkpoint,25.2667,94.0333,30.7,MODERATE,Routine Monitoring,91.9,33.5,22.9,29.7,13.6,7.6,34.1,12.3
SCAN_20251006_084112_386,2025-10-06 08:41:12,LOC_027,Baghmara District,Meghalaya,Rural,25.1833,90.6333,41.0,MODERATE,Routine Monitoring,89.8,20.1,40.4,28.6,49.4,48.2,30.4,12.2
SCAN_20251006_090429_458,2025-10-06 09:04:29,LOC_045,Champhai Border,Mizoram,Border,23.4667,93.3333,100.0,CRITICAL,Immediate Action Required,83.1,95.0,78.7,93.2,97.6,100.0,87.3,90.4
SCAN_20251006_104921_060,2025-10-06 10:49:21,LOC_021,Shillong City Center,Meghalaya,Urban,25.5788,91.8933,37.8,MODERATE,Routine Monitoring,91.1,38.5,25.5,22.0,29.7,23.2,40.1,31.8
SCAN_20251006_114841_420,2025-10-06 11:48:41,LOC_040,Kailashahar Checkpoint,Tripura,Checkpoint,24.3333,92.0,63.8,HIGH,Enhanced Monitoring,96.8,50.8,59.0,46.9,66.1,67.5,46.6,52.5
SCAN_20251006_125712_036,2025-10-06 12:57:12,LOC_037,Agartala City,Tripura,Urban,23.8315,91.2868,22.6,LOW,Area Cleared,91.6,17.3,12.9,29.8,0.0,1.0,23.7,18.2
SCAN_20251006_125802_415,2025-10-06 12:58:02,LOC_002,Imphal Airport Road,Manipur,Transport,24.76,93.8967,78.1,CRITICAL,Immediate Action Required,89.6,51.8,65.5,78.3,54.4,59.6,76.0,71.1
SCAN_20251006_143054_184,2025-10-06 14:30:54,LOC_022,Tura Town,Meghalaya,Urban,25.5138,90.2022,56.9,HIGH,Enhanced Monitoring,82.2,52.4,56.2,51.4,42.4,38.2,51.3,46.9
SCAN_20251006_154248_424,2025-10-06 15:42:48,LOC_049,Tawang Border,Arunachal Pradesh,Border,27.5833,91.8667,100.0,CRITICAL,Immediate Action Required,87.1,85.4,78.3,80.2,68.1,61.4,80.7,88.3
SCAN_20251006_164447_320,2025-10-06 16:44:47,LOC_029,Guwahati City,Assam,Urban,26.1445,91.7362,19.5,LOW,Area Cleared,91.8,10.6,11.6,0.0,19.6,25.2,11.7,0.0
SCAN_20251006_170909_358,2025-10-06 17:09:09,LOC_035,Kokrajhar Border,Assam,Border,26.4014,90.2714,100.0,CRITICAL,Immediate Action Required,83.4,78.0,75.7,73.8,76.5,67.6,66.5,67.6
SCAN_20251006_232623_273,2025-10-06 23:26:23,LOC_026,Cherrapunji Hills,Meghalaya,Hilly,25.3,91.7,10.2,LOW,Area Cleared,97.4,0.2,5.0,3.7,13.3,30.9,11.0,14.2
SCAN_20251007_014304_394,2025-10-07 01:43:04,LOC_034,Jorhat District,Assam,Rural,26.75,94.2167,9.9,LOW,Area Cleared,82.4,0.0,10.6,0.0,0.0,0.0,0.0,0.0
SCAN_20251007_021615_237,2025-10-07 02:16:15,LOC_043,Belonia Checkpoint,Tripura,Checkpoint,23.25,91.4667,28.7,MODERATE,Routine Monitoring,95.6,32.9,26.3,12.5,13.0,10.1,17.3,27.3
SCAN_20251007_061609_159,2025-10-07 06:16:09,LOC_011,Kohima City,Nagaland,Urban,25.6747,94.1078,20.5,LOW,Area Cleared,87.0,17.9,22.6,8.4,0.0,10.2,13.4,7.4
SCAN_20251007_085532_425,2025-10-07 08:55:32,LOC_016,Wokha Checkpoint,Nagaland,Checkpoint,26.1,94.2667,63.1,HIGH,Enhanced Monitoring,92.8,48.4,54.8,62.1,56.8,52.2,57.9,58.1
SCAN_20251007_091828_442,2025-10-07 09:18:28,LOC_004,Churachandpur Border,Manipur,Border,24.3333,93.6833,100.0,CRITICAL,Immediate Action Required,83.4,77.9,91.9,69.0,74.4,65.6,88.6,82.8
SCAN_20251007_141547_482,2025-10-07 14:15:47,LOC_047,Saiha District,Mizoram,Rural,22.4833,92.9833,58.7,HIGH,Enhanced Monitoring,90.5,37.0,64.7,46.0,58.2,60.4,45.4,42.2
SCAN_20251007_143016_418,2025-10-07 14:30:16,LOC_023,Dawki Border,Meghalaya,Border,25.1667,92.0,100.0,CRITICAL,Immediate Action Required,95.8,68.1,85.0,73.8,83.8,75.1,65.9,84.7
SCAN_20251007_153355_246,2025-10-07 15:33:55,LOC_014,Tuensang District,Nagaland,Rural,26.2667,94.8167,70.4,HIGH,Enhanced Monitoring,94.5,58.2,52.1,66.7,70.8,65.9,53.9,75.7
SCAN_20251007_153729_046,2025-10-07 15:37:29,LOC_039,Udaipur District,Tripura,Rural,23.5333,91.4833,14.6,LOW,Area Cleared,86.0,0.0,14.1,15.1,0.0,10.5,0.0,2.0
SCAN_20251007_184808_345,2025-10-07 18:48:08,LOC_002,Imphal Airport Road,Manipur,Transport,24.76,93.8967,93.0,CRITICAL,Immediate Action Required,92.6,74.8,65.7,69.8,79.5,76.5,66.2,71.0
SCAN_20251007_200710_219,2025-10-07 20:07:10,LOC_014,Tuensang District,Nagaland,Rural,26.2667,94.8167,31.0,MODERATE,Routine Monitoring,82.8,30.0,32.9,23.3,10.4,9.6,21.5,26.9
SCAN_20251007_203252_359,2025-10-07 20:32:52,LOC_015,Mokokchung Town,Nagaland,Urban,26.3222,94.5167,13.8,LOW,Area Cleared,84.0,0.0,0.0,17.2,2.9,13.6,7.9,0.0
SCAN_20251007_214610_261,2025-10-07 21:46:10,LOC_011,Kohima City,Nagaland,Urban,25.6747,94.1078,18.1,LOW,Area Cleared,95.4,2.4,7.8,11.8,7.7,2.2,20.4,31.0
SCAN_20251007_220154_475,2025-10-07 22:01:54,LOC_020,Longleng Checkpoint,Nagaland,Checkpoint,26.45,94.9333,64.6,HIGH,Enhanced Monitoring,96.8,53.3,52.8,49.0,61.6,66.2,43.0,74.7
SCAN_20251007_222547_056,2025-10-07 22:25:47,LOC_008,Jiribam Railway Station,Manipur,Transport,24.8,93.1,74.9,HIGH,Enhanced Monitoring,96.9,63.1,50.3,61.9,85.6,95.2,71.1,42.6
SCAN_20251007_235808_136,2025-10-07 23:58:08,LOC_050,Ziro Valley,Arunachal Pradesh,Hilly,27.5667,93.8333,15.3,LOW,Area Cleared,97.8,0.6,11.9,0.0,17.0,12.6,8.6,2.4
SCAN_20251008_014833_470,2025-10-08 01:48:33,LOC_011,Kohima City,Nagaland,Urban,25.6747,94.1078,14.2,LOW,Area Cleared,96.1,3.7,5.3,5.9,12.9,1.9,4.8,13.1
SCAN_20251008_042531_299,2025-10-08 04:25:31,LOC_017,Zunheboto Hills,Nagaland,Hilly,25.9667,94.5333,14.7,LOW,Area Cleared,89.1,13.8,0.2,5.9,3.5,0.0,21.5,4.8
SCAN_20251008_092756_014,2025-10-08 09:27:56,LOC_027,Baghmara District,Meghalaya,Rural,25.1833,90.6333,26.2,MODERATE,Routine Monitoring,95.2,33.2,11.5,23.1,3.6,0.2,33.0,22.2
SCAN_20251008_093838_476,2025-10-08 09:38:38,LOC_049,Tawang Border,Arunachal Pradesh,Border,27.5833,91.8667,100.0,CRITICAL,Immediate Action Required,85.2,96.6,89.6,93.5,100.0,92.2,86.4,87.7
SCAN_20251008_095100_433,2025-10-08 09:51:00,LOC_023,Dawki Border,Meghalaya,Border,25.1667,92.0,85.9,CRITICAL,Immediate Action Required,84.2,68.8,72.5,63.5,66.0,60.6,90.1,85.8
SCAN_20251008_102816_347,2025-10-08 10:28:16,LOC_015,Mokokchung Town,Nagaland,Urban,26.3222,94.5167,20.8,LOW,Area Cleared,94.9,13.2,13.6,9.7,15.2,10.8,15.0,13.1
SCAN_20251008_104448_409,2025-10-08 10:44:48,LOC_029,Guwahati City,Assam,Urban,26.1445,91.7362,22.8,LOW,Area Cleared,90.8,0.0,8.2,23.0,21.5,16.2,22.4,26.5
SCAN_20251008_122732_440,2025-10-08 12:27:32,LOC_021,Shillong City Center,Meghalaya,Urban,25.5788,91.8933,19.4,LOW,Area Cleared,95.5,7.3,10.6,14.3,13.1,17.1,8.5,9.0
SCAN_20251008_123241_453,2025-10-08 12:32:41,LOC_031,Silchar Airport,Assam,Transport,24.9128,92.9786,51.2,HIGH,Enhanced Monitoring,85.1,37.1,32.5,48.7,44.6,51.5,50.1,45.9
SCAN_20251008_152352_120,2025-10-08 15:23:52,LOC_021,Shillong City Center,Meghalaya,Urban,25.5788,91.8933,26.8,MODERATE,Routine Monitoring,88.6,11.1,19.1,26.0,23.0,19.5,15.8,19.7
SCAN_20251008_163522_363,2025-10-08 16:35:22,LOC_038,Dharmanagar Border,Tripura,Border,24.3667,92.1667,61.1,HIGH,Enhanced Monitoring,90.0,59.2,41.1,51.7,69.7,64.3,41.2,40.4
SCAN_20251008_175215_061,2025-10-08 17:52:15,LOC_046,Lunglei Town,Mizoram,Urban,22.8833,92.7333,31.8,MODERATE,Routine Monitoring,82.7,15.9,22.4,35.4,19.0,21.2,13.0,45.6
SCAN_20251008_190742_493,2025-10-08 19:07:42,LOC_015,Mokokchung Town,Nagaland,Urban,26.3222,94.5167,9.5,LOW,Area Cleared,92.7,5.6,0.0,0.0,0.0,0.0,0.0,3.7
SCAN_20251008_203137_463,2025-10-08 20:31:37,LOC_039,Udaipur District,Tripura,Rural,23.5333,91.4833,31.8,MODERATE,Routine Monitoring,93.5,33.3,18.4,21.7,28.3,19.5,13.5,29.0
SCAN_20251008_213649_288,2025-10-08 21:36:49,LOC_024,Jowai Checkpoint,Meghalaya,Checkpoint,25.45,92.2,55.4,HIGH,Enhanced Monitoring,92.7,43.8,47.0,41.1,57.3,54.6,46.3,43.2
SCAN_20251008_221925_298,2025-10-08 22:19:25,LOC_009,Kakching District,Manipur,Rural,24.4986,93.9811,23.8,LOW,Area Cleared,97.3,23.5,12.1,29.9,14.6,10.3,2.1,8.9
SCAN_20251009_042937_098,2025-10-09 04:29:37,LOC_025,Nongpoh Junction,Meghalaya,Transport,25.9,91.8833,31.3,MODERATE,Routine Monitoring,92.7,21.0,28.7,12.5,29.6,38.0,13.1,14.6
SCAN_20251009_043548_479,2025-10-09 04:35:48,LOC_018,Phek District,Nagaland,Rural,25.6667,94.5,41.7,MODERATE,Routine Monitoring,91.7,28.5,27.2,42.2,47.2,42.4,30.9,16.7
SCAN_20251009_062352_488,2025-10-09 06:23:52,LOC_019,Peren Border,Nagaland,Border,25.5,93.7333,100.0,CRITICAL,Immediate Action Required,94.1,78.4,69.6,75.9,77.8,64.5,89.1,67.0
SCAN_20251009_075657_153,2025-10-09 07:56:57,LOC_004,Churachandpur Border,Manipur,Border,24.3333,93.6833,70.4,HIGH,Enhanced Monitoring,92.4,56.0,65.6,61.6,54.6,50.0,80.1,80.5
SCAN_20251009_080039_221,2025-10-09 08:00:39,LOC_016,Wokha Checkpoint,Nagaland,Checkpoint,26.1,94.2667,52.4,HIGH,Enhanced Monitoring,88.2,56.3,46.2,60.4,61.3,44.6,50.8,45.9
SCAN_20251009_081441_096,2025-10-09 08:14:41,LOC_011,Kohima City,Nagaland,Urban,25.6747,94.1078,38.1,MODERATE,Routine Monitoring,92.8,23.5,22.0,33.1,44.2,38.5,24.0,30.2
SCAN_20251009_152515_177,2025-10-09 15:25:15,LOC_035,Kokrajhar Border,Assam,Border,26.4014,90.2714,98.0,CRITICAL,Immediate Action Required,90.9,77.1,67.6,57.7,97.4,95.7,81.4,76.1
SCAN_20251009_162221_330,2025-10-09 16:22:21,LOC_026,Cherrapunji Hills,Meghalaya,Hilly,25.3,91.7,31.6,MODERATE,Routine Monitoring,85.9,18.4,24.8,35.2,27.1,24.9,19.5,12.1
SCAN_20251009_181603_285,2025-10-09 18:16:03,LOC_007,Moreh Border Post,Manipur,Border,24.4,94.0167,100.0,CRITICAL,Immediate Action Required,82.1,76.2,85.7,83.2,99.6,73.1,74.1,93.8
SCAN_20251009_182239_236,2025-10-09 18:22:39,LOC_014,Tuensang District,Nagaland,Rural,26.2667,94.8167,35.6,MODERATE,Routine Monitoring,89.6,21.8,35.6,46.9,9.0,7.6,46.2,29.5
SCAN_20251009_190138_244,2025-10-09 19:01:38,LOC_045,Champhai Border,Mizoram,Border,23.4667,93.3333,100.0,CRITICAL,Immediate Action Required,83.9,74.5,85.2,72.6,88.9,83.9,71.5,73.8
SCAN_20251009_203921_189,2025-10-09 20:39:21,LOC_001,Imphal City Center,Manipur,Urban,24.817,93.9368,42.5,MODERATE,Routine Monitoring,90.3,39.8,30.6,39.7,19.8,28.6,42.9,41.1
SCAN_20251009_212359_281,2025-10-09 21:23:59,LOC_043,Belonia Checkpoint,Tripura,Checkpoint,23.25,91.4667,51.2,HIGH,Enhanced Monitoring,97.7,45.3,40.7,33.3,36.8,41.1,60.8,51.4
SCAN_20251009_212528_217,2025-10-09 21:25:28,LOC_047,Saiha District,Mizoram,Rural,22.4833,92.9833,52.0,HIGH,Enhanced Monitoring,83.2,41.4,39.1,48.5,42.0,47.8,45.8,45.8
SCAN_20251009_215022_032,2025-10-09 21:50:22,LOC_007,Moreh Border Post,Manipur,Border,24.4,94.0167,100.0,CRITICAL,Immediate Action Required,92.5,83.5,73.8,78.5,71.9,63.6,73.3,79.6
SCAN_20251009_215144_174,2025-10-09 21:51:44,LOC_002,Imphal Airport Road,Manipur,Transport,24.76,93.8967,98.0,CRITICAL,Immediate Action Required,83.1,70.5,81.2,71.3,85.0,63.3,66.2,73.1
SCAN_20251010_021212_101,2025-10-10 02:12:12,LOC_042,Khowai Junction,Tripura,Transport,24.0667,91.6,26.7,MODERATE,Routine Monitoring,97.0,30.1,23.6,30.4,20.8,44.8,10.9,15.6
SCAN_20251010_023150_360,2025-10-10 02:31:50,LOC_028,Williamnagar Border,Meghalaya,Border,25.4833,90.1333,100.0,CRITICAL,Immediate Action Required,96.4,65.9,82.0,69.4,85.9,97.3,76.4,84.1
SCAN_20251010_024550_023,2025-10-10 02:45:50,LOC_042,Khowai Junction,Tripura,Transport,24.0667,91.6,39.6,MODERATE,Routine Monitoring,87.7,23.2,46.9,39.5,25.9,27.1,23.0,31.0
SCAN_20251010_052753_441,2025-10-10 05:27:53,LOC_024,Jowai Checkpoint,Meghalaya,Checkpoint,25.45,92.2,52.2,HIGH,Enhanced Monitoring,93.0,34.0,47.2,24.0,67.2,55.8,36.7,52.1
SCAN_20251010_071610_324,2025-10-10 07:16:10,LOC_014,Tuensang District,Nagaland,Rural,26.2667,94.8167,40.0,MODERATE,Routine Monitoring,90.3,29.9,38.0,53.3,27.1,19.7,15.6,34.0
SCAN_20251010_145548_350,2025-10-10 14:55:48,LOC_017,Zunheboto Hills,Nagaland,Hilly,25.9667,94.5333,38.6,MODERATE,Routine Monitoring,91.8,40.4,27.4,18.8,39.8,45.1,9.0,23.0
SCAN_20251010_165844_296,2025-10-10 16:58:44,LOC_049,Tawang Border,Arunachal Pradesh,Border,27.5833,91.8667,100.0,CRITICAL,Immediate Action Required,92.3,81.6,73.3,66.3,96.5,100.0,89.0,76.8
SCAN_20251010_172324_357,2025-10-10 17:23:24,LOC_045,Champhai Border,Mizoram,Border,23.4667,93.3333,100.0,CRITICAL,Immediate Action Required,86.4,95.0,100.0,94.3,83.3,91.9,98.0,86.7
SCAN_20251010_175206_009,2025-10-10 17:52:06,LOC_030,Tezpur Airbase,Assam,Military,26.6333,92.8,100.0,CRITICAL,Immediate Action Required,92.2,95.3,81.6,93.1,70.4,75.1,89.0,72.6
SCAN_20251010_201648_127,2025-10-10 20:16:48,LOC_032,Bongaigaon Refinery,Assam,Industrial,26.4833,90.55,100.0,CRITICAL,Immediate Action Required,96.7,85.9,72.6,68.6,75.1,76.4,69.4,72.3
SCAN_20251010_203728_317,2025-10-10 20:37:28,LOC_004,Churachandpur Border,Manipur,Border,24.3333,93.6833,55.9,HIGH,Enhanced Monitoring,83.7,50.1,49.3,38.2,48.1,44.3,54.5,53.9
SCAN_20251010_211747_151,2025-10-10 21:17:47,LOC_022,Tura Town,Meghalaya,Urban,25.5138,90.2022,43.8,MODERATE,Routine Monitoring,87.5,32.4,41.8,33.2,36.9,26.3,52.7,31.9
SCAN_20251010_222448_072,2025-10-10 22:24:48,LOC_045,Champhai Border,Mizoram,Border,23.4667,93.3333,100.0,CRITICAL,Immediate Action Required,89.2,92.0,91.0,85.1,97.3,92.7,97.9,100.0
SCAN_20251010_223855_302,2025-10-10 22:38:55,LOC_021,Shillong City Center,Meghalaya,Urban,25.5788,91.8933,30.7,MODERATE,Routine Monitoring,84.1,25.8,29.0,26.6,11.6,22.1,16.3,19.7
SCAN_20251011_012031_305,2025-10-11 01:20:31,LOC_022,Tura Town,Meghalaya,Urban,25.5138,90.2022,39.0,MODERATE,Routine Monitoring,83.7,28.5,25.8,35.7,21.7,36.1,24.0,48.6
SCAN_20251011_014747_374,2025-10-11 01:47:47,LOC_026,Cherrapunji Hills,Meghalaya,Hilly,25.3,91.7,46.9,MODERATE,Routine Monitoring,93.6,36.1,32.5,49.3,41.3,45.7,43.9,22.3
SCAN_20251011_020548_331,2025-10-11 02:05:48,LOC_015,Mokokchung Town,Nagaland,Urban,26.3222,94.5167,21.2,LOW,Area Cleared,82.1,15.8,0.0,0.0,24.4,26.8,10.5,20.3
SCAN_20251011_060519_472,2025-10-11 06:05:19,LOC_050,Ziro Valley,Arunachal Pradesh,Hilly,27.5667,93.8333,20.1,LOW,Area Cleared,83.4,16.4,16.1,21.9,10.0,0.0,13.2,0.9
SCAN_20251011_090059_027,2025-10-11 09:00:59,LOC_022,Tura Town,Meghalaya,Urban,25.5138,90.2022,55.4,HIGH,Enhanced Monitoring,95.6,40.4,45.3,59.4,46.7,36.2,50.7,61.1
SCAN_20251011_124915_146,2025-10-11 12:49:15,LOC_030,Tezpur Airbase,Assam,Military,26.6333,92.8,100.0,CRITICAL,Immediate Action Required,82.4,90.3,82.3,100.0,100.0,100.0,99.6,100.0
SCAN_20251011_141144_437,2025-10-11 14:11:44,LOC_032,Bongaigaon Refinery,Assam,Industrial,26.4833,90.55,52.0,HIGH,Enhanced Monitoring,84.2,41.2,54.8,39.8,37.5,30.4,56.3,52.6
SCAN_20251011_143856_001,2025-10-11 14:38:56,LOC_013,Mon Border Area,Nagaland,Border,26.7167,95.0,56.2,HIGH,Enhanced Monitoring,89.3,33.7,45.5,53.3,59.4,52.3,57.0,45.9
SCAN_20251011_172205_278,2025-10-11 17:22:05,LOC_034,Jorhat District,Assam,Rural,26.75,94.2167,21.5,LOW,Area Cleared,83.6,21.4,14.5,0.0,3.1,16.0,24.9,12.8
SCAN_20251011_180553_031,2025-10-11 18:05:53,LOC_015,Mokokchung Town,Nagaland,Urban,26.3222,94.5167,24.8,LOW,Area Cleared,86.5,18.5,16.0,17.4,22.3,26.6,4.1,5.8
SCAN_20251011_182812_495,2025-10-11 18:28:12,LOC_028,Williamnagar Border,Meghalaya,Border,25.4833,90.1333,100.0,CRITICAL,Immediate Action Required,93.1,70.0,81.5,86.8,98.9,97.4,68.2,96.1
SCAN_20251011_191929_166,2025-10-11 19:19:29,LOC_014,Tuensang District,Nagaland,Rural,26.2667,94.8167,40.9,MODERATE,Routine Monitoring,96.7,32.7,47.1,11.7,32.0,28.8,49.7,29.9
SCAN_20251011_193406_081,2025-10-11 19:34:06,LOC_030,Tezpur Airbase,Assam,Military,26.6333,92.8,100.0,CRITICAL,Immediate Action Required,85.3,82.6,98.4,93.7,87.7,90.3,98.4,85.2
SCAN_20251011_205712_191,2025-10-11 20:57:12,LOC_043,Belonia Checkpoint,Tripura,Checkpoint,23.25,91.4667,59.1,HIGH,Enhanced Monitoring,82.1,42.0,54.6,35.3,53.3,59.1,70.7,53.0
SCAN_20251011_215040_410,2025-10-11 21:50:40,LOC_007,Moreh Border Post,Manipur,Border,24.4,94.0167,100.0,CRITICAL,Immediate Action Required,83.7,81.6,76.2,70.6,63.7,62.0,74.0,63.8
SCAN_20251011_230326_213,2025-10-11 23:03:26,LOC_038,Dharmanagar Border,Tripura,Border,24.3667,92.1667,59.9,HIGH,Enhanced Monitoring,94.9,67.8,55.5,37.8,45.0,46.3,43.8,59.3
SCAN_20251012_115743_427,2025-10-12 11:57:43,LOC_047,Saiha District,Mizoram,Rural,22.4833,92.9833,61.5,HIGH,Enhanced Monitoring,93.0,66.9,51.7,48.4,55.0,61.9,35.0,41.7
SCAN_20251012_120118_029,2025-10-12 12:01:18,LOC_010,Senapati Checkpoint,Manipur,Checkpoint,25.2667,94.0333,44.8,MODERATE,Routine Monitoring,84.1,45.6,30.9,29.6,34.8,42.1,38.8,33.6
SCAN_20251012_125148_093,2025-10-12 12:51:48,LOC_027,Baghmara District,Meghalaya,Rural,25.1833,90.6333,30.7,MODERATE,Routine Monitoring,85.3,27.3,23.6,33.8,3.6,12.7,19.8,35.8
SCAN_20251012_134410_373,2025-10-12 13:44:10,LOC_013,Mon Border Area,Nagaland,Border,26.7167,95.0,94.9,CRITICAL,Immediate Action Required,84.5,87.1,68.6,83.6,66.2,56.8,68.1,83.3
SCAN_20251012_141951_329,2025-10-12 14:19:51,LOC_010,Senapati Checkpoint,Manipur,Checkpoint,25.2667,94.0333,66.5,HIGH,Enhanced Monitoring,87.0,56.5,53.2,56.1,70.2,70.2,50.2,51.9
SCAN_20251012_164606_083,2025-10-12 16:46:06,LOC_012,Dimapur Junction,Nagaland,Transport,25.9097,93.7267,52.3,HIGH,Enhanced Monitoring,84.6,40.7,46.6,48.1,47.0,38.7,49.6,41.6
SCAN_20251012_170623_241,2025-10-12 17:06:23,LOC_050,Ziro Valley,Arunachal Pradesh,Hilly,27.5667,93.8333,19.7,LOW,Area Cleared,95.1,14.2,6.2,0.0,30.0,19.2,13.2,0.0
SCAN_20251012_175301_145,2025-10-12 17:53:01,LOC_011,Kohima City,Nagaland,Urban,25.6747,94.1078,41.4,MODERATE,Routine Monitoring,87.2,28.2,33.7,26.1,39.4,38.4,20.5,52.0
SCAN_20251012_184104_002,2025-10-12 18:41:04,LOC_006,Ukhrul Hills,Manipur,Hilly,25.06,94.36,41.1,MODERATE,Routine Monitoring,93.3,28.4,28.6,19.3,33.7,47.5,45.9,36.5
SCAN_20251012_210226_094,2025-10-12 21:02:26,LOC_010,Senapati Checkpoint,Manipur,Checkpoint,25.2667,94.0333,53.3,HIGH,Enhanced Monitoring,94.4,49.8,42.2,46.8,60.5,76.1,43.6,56.8
SCAN_20251012_214858_227,2025-10-12 21:48:58,LOC_045,Champhai Border,Mizoram,Border,23.4667,93.3333,99.0,CRITICAL,Immediate Action Required,91.4,65.6,85.1,84.5,65.0,56.8,80.0,76.0
SCAN_20251012_221554_183,2025-10-12 22:15:54,LOC_026,Cherrapunji Hills,Meghalaya,Hilly,25.3,91.7,23.0,LOW,Area Cleared,96.8,21.5,10.4,15.2,12.4,0.0,29.1,21.1
SCAN_20251012_224531_084,2025-10-12 22:45:31,LOC_002,Imphal Airport Road,Manipur,Transport,24.76,93.8967,82.4,CRITICAL,Immediate Action Required,82.4,83.3,62.8,83.0,52.9,53.0,59.6,67.4
SCAN_20251012_230058_198,2025-10-12 23:00:58,LOC_009,Kakching District,Manipur,Rural,24.4986,93.9811,14.5,LOW,Area Cleared,82.5,1.0,3.3,12.6,0.0,0.0,1.4,36.8
SCAN_20251013_021204_144,2025-10-13 02:12:04,LOC_002,Imphal Airport Road,Manipur,Transport,24.76,93.8967,86.7,CRITICAL,Immediate Action Required,84.2,72.9,70.7,60.2,57.4,70.1,84.1,45.6
SCAN_20251013_041246_186,2025-10-13 04:12:46,LOC_050,Ziro Valley,Arunachal Pradesh,Hilly,27.5667,93.8333,24.3,LOW,Area Cleared,82.9,11.0,9.6,13.9,31.7,29.9,4.3,15.3
SCAN_20251013_061901_271,2025-10-13 06:19:01,LOC_035,Kokrajhar Border,Assam,Border,26.4014,90.2714,100.0,CRITICAL,Immediate Action Required,97.4,83.6,75.6,70.3,67.3,74.2,66.5,61.7
SCAN_20251013_064608_005,2025-10-13 06:46:08,LOC_011,Kohima City,Nagaland,Urban,25.6747,94.1078,24.5,LOW,Area Cleared,96.0,15.0,13.2,36.1,5.2,0.1,29.6,20.6
SCAN_20251013_070846_088,2025-10-13 07:08:46,LOC_016,Wokha Checkpoint,Nagaland,Checkpoint,26.1,94.2667,68.1,HIGH,Enhanced Monitoring,89.6,56.6,60.5,69.2,54.2,54.2,63.1,65.4
SCAN_20251013_100506_242,2025-10-13 10:05:06,LOC_037,Agartala City,Tripura,Urban,23.8315,91.2868,21.6,LOW,Area Cleared,84.7,12.0,21.1,11.8,0.0,2.9,20.2,32.2
SCAN_20251013_120829_078,2025-10-13 12:08:29,LOC_016,Wokha Checkpoint,Nagaland,Checkpoint,26.1,94.2667,71.1,HIGH,Enhanced Monitoring,90.5,64.0,60.9,51.7,47.9,40.3,63.3,64.5
SCAN_20251013_134711_381,2025-10-13 13:47:11,LOC_032,Bongaigaon Refinery,Assam,Industrial,26.4833,90.55,61.6,HIGH,Enhanced Monitoring,82.7,58.2,58.8,49.6,93.1,75.0,41.4,53.8
SCAN_20251013_161257_208,2025-10-13 16:12:57,LOC_023,Dawki Border,Meghalaya,Border,25.1667,92.0,100.0,CRITICAL,Immediate Action Required,84.8,75.3,77.7,86.0,78.4,65.9,78.1,64.5
SCAN_20251013_215256_106,2025-10-13 21:52:56,LOC_043,Belonia Checkpoint,Tripura,Checkpoint,23.25,91.4667,42.9,MODERATE,Routine Monitoring,94.3,28.1,29.4,23.5,43.1,53.4,49.9,22.6
SCAN_20251013_232130_335,2025-10-13 23:21:30,LOC_028,Williamnagar Border,Meghalaya,Border,25.4833,90.1333,100.0,CRITICAL,Immediate Action Required,88.0,70.2,74.3,62.3,78.8,72.6,83.7,80.0
SCAN_20251013_234022_025,2025-10-13 23:40:22,LOC_003,Bishnupur District,Manipur,Rural,24.5965,93.7699,23.0,LOW,Area Cleared,82.5,15.4,22.2,8.7,8.0,17.8,13.6,15.7
SCAN_20251014_000430_051,2025-10-14 00:04:30,LOC_021,Shillong City Center,Meghalaya,Urban,25.5788,91.8933,18.3,LOW,Area Cleared,94.3,10.6,22.9,0.0,7.1,9.1,9.1,9.1
SCAN_20251014_020338_462,2025-10-14 02:03:38,LOC_036,Haflong Hills,Assam,Hilly,25.1667,93.0167,65.9,HIGH,Enhanced Monitoring,88.1,64.1,61.7,60.2,56.7,45.2,56.0,57.7
SCAN_20251014_060822_222,2025-10-14 06:08:22,LOC_018,Phek District,Nagaland,Rural,25.6667,94.5,46.6,MODERATE,Routine Monitoring,84.4,49.8,39.2,41.1,29.6,31.9,44.4,26.2
SCAN_20251014_103357_122,2025-10-14 10:33:57,LOC_045,Champhai Border,Mizoram,Border,23.4667,93.3333,100.0,CRITICAL,Immediate Action Required,85.3,85.6,91.6,89.9,94.3,84.3,85.9,82.1
SCAN_20251014_122305_097,2025-10-14 12:23:05,LOC_025,Nongpoh Junction,Meghalaya,Transport,25.9,91.8833,44.9,MODERATE,Routine Monitoring,89.7,48.2,30.7,32.2,43.9,42.2,26.2,26.4
SCAN_20251014_132035_017,2025-10-14 13:20:35,LOC_006,Ukhrul Hills,Manipur,Hilly,25.06,94.36,53.3,HIGH,Enhanced Monitoring,92.2,39.1,54.9,33.7,50.3,57.0,44.5,35.1
SCAN_20251014_144854_175,2025-10-14 14:48:54,LOC_043,Belonia Checkpoint,Tripura,Checkpoint,23.25,91.4667,61.3,HIGH,Enhanced Monitoring,83.1,56.7,54.6,47.6,61.8,68.1,33.7,40.2
SCAN_20251014_154724_461,2025-10-14 15:47:24,LOC_050,Ziro Valley,Arunachal Pradesh,Hilly,27.5667,93.8333,29.5,MODERATE,Routine Monitoring,92.4,24.9,20.6,0.0,16.0,12.6,30.7,59.4
SCAN_20251014_173334_062,2025-10-14 17:33:34,LOC_029,Guwahati City,Assam,Urban,26.1445,91.7362,21.9,LOW,Area Cleared,91.3,15.1,13.0,3.7,21.2,23.6,10.7,8.8
SCAN_20251014_174603_389,2025-10-14 17:46:03,LOC_009,Kakching District,Manipur,Rural,24.4986,93.9811,48.4,MODERATE,Routine Monitoring,92.8,53.3,29.1,36.4,45.8,42.4,38.0,33.3
SCAN_20251014_182318_291,2025-10-14 18:23:18,LOC_005,Thoubal Checkpoint,Manipur,Checkpoint,24.6333,94.0,48.5,MODERATE,Routine Monitoring,93.2,45.7,47.6,41.3,33.9,26.9,37.4,47.6
SCAN_20251014_183821_205,2025-10-14 18:38:21,LOC_029,Guwahati City,Assam,Urban,26.1445,91.7362,10.8,LOW,Area Cleared,98.0,3.9,10.8,20.1,0.0,23.1,16.3,0.0
SCAN_20251014_232414_202,2025-10-14 23:24:14,LOC_014,Tuensang District,Nagaland,Rural,26.2667,94.8167,37.8,MODERATE,Routine Monitoring,82.6,35.1,24.3,20.4,27.7,32.8,22.6,48.4
SCAN_20251015_003447_124,2025-10-15 00:34:47,LOC_017,Zunheboto Hills,Nagaland,Hilly,25.9667,94.5333,14.5,LOW,Area Cleared,96.1,2.1,5.9,15.7,0.0,2.4,5.3,18.1
SCAN_20251015_012137_170,2025-10-15 01:21:37,LOC_023,Dawki Border,Meghalaya,Border,25.1667,92.0,100.0,CRITICAL,Immediate Action Required,94.6,64.3,72.9,79.3,75.9,85.7,91.0,94.8
SCAN_20251015_022521_379,2025-10-15 02:25:21,LOC_025,Nongpoh Junction,Meghalaya,Transport,25.9,91.8833,10.4,LOW,Area Cleared,91.9,0.0,2.8,6.7,7.7,0.0,0.0,0.0
SCAN_20251015_043809_117,2025-10-15 04:38:09,LOC_048,Itanagar Capital,Arunachal Pradesh,Urban,27.1,93.6167,23.3,LOW,Area Cleared,91.6,11.5,21.9,19.3,13.1,9.5,24.3,7.1
SCAN_20251015_043840_182,2025-10-15 04:38:40,LOC_023,Dawki Border,Meghalaya,Border,25.1667,92.0,81.8,CRITICAL,Immediate Action Required,84.5,55.9,65.3,67.9,73.4,75.1,90.6,55.0
SCAN_20251015_061002_199,2025-10-15 06:10:02,LOC_027,Baghmara District,Meghalaya,Rural,25.1833,90.6333,48.3,MODERATE,Routine Monitoring,84.1,40.8,35.5,23.3,45.9,46.7,41.9,56.0
SCAN_20251015_063820_155,2025-10-15 06:38:20,LOC_039,Udaipur District,Tripura,Rural,23.5333,91.4833,16.2,LOW,Area Cleared,85.3,1.1,0.7,20.0,9.5,13.0,17.9,0.0
SCAN_20251015_064819_133,2025-10-15 06:48:19,LOC_050,Ziro Valley,Arunachal Pradesh,Hilly,27.5667,93.8333,16.3,LOW,Area Cleared,97.6,1.9,14.7,12.0,8.4,14.9,2.5,0.0
SCAN_20251015_091120_396,2025-10-15 09:11:20,LOC_043,Belonia Checkpoint,Tripura,Checkpoint,23.25,91.4667,66.7,HIGH,Enhanced Monitoring,97.3,59.7,63.6,56.7,55.1,50.3,60.5,65.5
SCAN_20251015_101351_192,2025-10-15 10:13:51,LOC_041,Sabroom Border Post,Tripura,Border,23.0,91.7167,100.0,CRITICAL,Immediate Action Required,95.6,74.4,72.7,96.1,100.0,86.3,93.5,80.5
SCAN_20251015_104525_312,2025-10-15 10:45:25,LOC_005,Thoubal Checkpoint,Manipur,Checkpoint,24.6333,94.0,33.5,MODERATE,Routine Monitoring,96.8,31.6,19.6,21.5,19.7,13.0,36.8,44.5
SCAN_20251015_134350_057,2025-10-15 13:43:50,LOC_003,Bishnupur District,Manipur,Rural,24.5965,93.7699,23.6,LOW,Area Cleared,84.3,8.3,18.8,20.1,18.1,16.5,17.6,11.7
SCAN_20251015_145326_121,2025-10-15 14:53:26,LOC_002,Imphal Airport Road,Manipur,Transport,24.76,93.8967,71.6,HIGH,Enhanced Monitoring,82.8,61.2,69.4,63.9,70.2,62.8,68.6,45.7
SCAN_20251015_173955_113,2025-10-15 17:39:55,LOC_008,Jiribam Railway Station,Manipur,Transport,24.8,93.1,99.2,CRITICAL,Immediate Action Required,83.9,62.9,84.7,76.8,83.2,99.1,75.7,94.4
SCAN_20251015_181154_143,2025-10-15 18:11:54,LOC_044,Aizawl City,Mizoram,Urban,23.7307,92.7173,30.8,MODERATE,Routine Monitoring,97.2,22.3,19.4,17.2,33.8,29.4,13.6,24.3
SCAN_20251015_202237_115,2025-10-15 20:22:37,LOC_034,Jorhat District,Assam,Rural,26.75,94.2167,27.1,MODERATE,Routine Monitoring,91.8,14.4,21.0,16.9,19.7,29.3,2.5,29.1
SCAN_20251015_203026_010,2025-10-15 20:30:26,LOC_014,Tuensang District,Nagaland,Rural,26.2667,94.8167,42.8,MODERATE,Routine Monitoring,91.2,42.5,36.4,28.2,23.4,29.5,34.7,48.0
SCAN_20251015_213916_486,2025-10-15 21:39:16,LOC_039,Udaipur District,Tripura,Rural,23.5333,91.4833,19.7,LOW,Area Cleared,93.8,5.0,17.7,5.3,15.3,1.7,25.7,20.5
SCAN_20251015_214635_318,2025-10-15 21:46:35,LOC_033,Dibrugarh Oil Town,Assam,Industrial,27.4833,94.9,49.8,MODERATE,Routine Monitoring,85.3,37.8,44.9,57.9,30.3,26.0,54.5,44.9
SCAN_20251016_021208_337,2025-10-16 02:12:08,LOC_025,Nongpoh Junction,Meghalaya,Transport,25.9,91.8833,36.4,MODERATE,Routine Monitoring,90.3,25.6,27.4,24.0,30.9,35.1,22.8,34.7
SCAN_20251016_042916_226,2025-10-16 04:29:16,LOC_002,Imphal Airport Road,Manipur,Transport,24.76,93.8967,100.0,CRITICAL,Immediate Action Required,88.4,85.9,82.6,73.2,100.0,90.6,88.1,84.4
SCAN_20251016_061127_047,2025-10-16 06:11:27,LOC_035,Kokrajhar Border,Assam,Border,26.4014,90.2714,69.1,HIGH,Enhanced Monitoring,92.4,58.5,62.6,57.5,70.2,64.1,67.6,47.3
SCAN_20251016_063953_353,2025-10-16 06:39:53,LOC_010,Senapati Checkpoint,Manipur,Checkpoint,25.2667,94.0333,35.4,MODERATE,Routine Monitoring,82.5,26.4,25.9,27.4,37.6,39.6,15.0,13.5
SCAN_20251016_070353_323,2025-10-16 07:03:53,LOC_001,Imphal City Center,Manipur,Urban,24.817,93.9368,35.6,MODERATE,Routine Monitoring,82.6,24.1,21.5,31.5,35.1,27.3,25.7,32.8
SCAN_20251016_071724_397,2025-10-16 07:17:24,LOC_042,Khowai Junction,Tripura,Transport,24.0667,91.6,24.9,LOW,Area Cleared,88.3,15.5,8.6,29.6,13.4,15.2,9.4,29.5
SCAN_20251016_080131_004,2025-10-16 08:01:31,LOC_032,Bongaigaon Refinery,Assam,Industrial,26.4833,90.55,75.3,CRITICAL,Immediate Action Required,97.5,57.1,55.0,70.1,51.0,57.3,71.5,76.0
SCAN_20251016_090839_348,2025-10-16 09:08:39,LOC_044,Aizawl City,Mizoram,Urban,23.7307,92.7173,29.3,MODERATE,Routine Monitoring,89.5,21.0,12.4,21.3,34.9,34.9,17.6,4.6
SCAN_20251016_121839_405,2025-10-16 12:18:39,LOC_045,Champhai Border,Mizoram,Border,23.4667,93.3333,100.0,CRITICAL,Immediate Action Required,82.1,92.6,91.9,93.5,100.0,99.8,99.4,97.9
SCAN_20251016_124740_341,2025-10-16 12:47:40,LOC_012,Dimapur Junction,Nagaland,Transport,25.9097,93.7267,29.9,MODERATE,Routine Monitoring,88.5,21.0,22.6,47.1,21.2,9.6,11.8,14.4
SCAN_20251016_143418_403,2025-10-16 14:34:18,LOC_015,Mokokchung Town,Nagaland,Urban,26.3222,94.5167,15.6,LOW,Area Cleared,96.6,4.9,11.7,15.8,0.0,7.4,10.0,0.0
SCAN_20251016_154332_160,2025-10-16 15:43:32,LOC_024,Jowai Checkpoint,Meghalaya,Checkpoint,25.45,92.2,41.3,MODERATE,Routine Monitoring,89.9,27.2,26.3,28.0,41.3,52.4,37.3,23.9
SCAN_20251016_182308_169,2025-10-16 18:23:08,LOC_046,Lunglei Town,Mizoram,Urban,22.8833,92.7333,21.0,LOW,Area Cleared,94.7,3.0,10.1,19.6,12.7,23.9,14.9,10.1
SCAN_20251016_194245_260,2025-10-16 19:42:45,LOC_008,Jiribam Railway Station,Manipur,Transport,24.8,93.1,100.0,CRITICAL,Immediate Action Required,97.1,78.4,78.2,61.3,76.8,73.0,74.0,71.5
SCAN_20251016_200212_089,2025-10-16 20:02:12,LOC_044,Aizawl City,Mizoram,Urban,23.7307,92.7173,27.3,MODERATE,Routine Monitoring,95.3,14.1,20.6,16.7,16.6,29.7,20.3,18.2
SCAN_20251016_201634_162,2025-10-16 20:16:34,LOC_039,Udaipur District,Tripura,Rural,23.5333,91.4833,40.2,MODERATE,Routine Monitoring,95.2,35.8,22.7,24.5,41.6,50.7,29.8,16.6
SCAN_20251016_204739_498,2025-10-16 20:47:39,LOC_043,Belonia Checkpoint,Tripura,Checkpoint,23.25,91.4667,48.6,MODERATE,Routine Monitoring,86.6,41.5,47.7,36.6,46.8,45.8,33.4,24.2
SCAN_20251016_212859_132,2025-10-16 21:28:59,LOC_038,Dharmanagar Border,Tripura,Border,24.3667,92.1667,64.5,HIGH,Enhanced Monitoring,82.5,54.2,55.4,49.3,59.6,56.7,70.3,56.5
SCAN_20251016_212900_238,2025-10-16 21:29:00,LOC_010,Senapati Checkpoint,Manipur,Checkpoint,25.2667,94.0333,44.7,MODERATE,Routine Monitoring,97.5,49.4,29.9,44.1,21.3,13.9,67.4,34.6
SCAN_20251016_213310_266,2025-10-16 21:33:10,LOC_034,Jorhat District,Assam,Rural,26.75,94.2167,28.2,MODERATE,Routine Monitoring,88.5,21.7,35.0,34.2,14.4,35.0,28.0,26.0
SCAN_20251016_224325_328,2025-10-16 22:43:25,LOC_033,Dibrugarh Oil Town,Assam,Industrial,27.4833,94.9,56.4,HIGH,Enhanced Monitoring,85.7,25.2,49.0,46.4,61.0,65.7,59.1,44.9
SCAN_20251016_235502_111,2025-10-16 23:55:02,LOC_023,Dawki Border,Meghalaya,Border,25.1667,92.0,89.1,CRITICAL,Immediate Action Required,97.9,72.9,67.3,80.9,56.1,53.9,72.9,72.0
SCAN_20251017_011425_474,2025-10-17 01:14:25,LOC_014,Tuensang District,Nagaland,Rural,26.2667,94.8167,52.9,HIGH,Enhanced Monitoring,90.0,29.1,47.5,50.1,52.1,55.1,57.9,26.8
SCAN_20251017_011431_234,2025-10-17 01:14:31,LOC_026,Cherrapunji Hills,Meghalaya,Hilly,25.3,91.7,24.5,LOW,Area Cleared,89.6,18.0,23.3,6.9,14.6,23.9,0.0,23.2
SCAN_20251017_011639_018,2025-10-17 01:16:39,LOC_037,Agartala City,Tripura,Urban,23.8315,91.2868,31.5,MODERATE,Routine Monitoring,85.8,17.2,22.5,20.5,27.7,28.3,29.0,24.4
SCAN_20251017_023140_125,2025-10-17 02:31:40,LOC_020,Longleng Checkpoint,Nagaland,Checkpoint,26.45,94.9333,58.0,HIGH,Enhanced Monitoring,90.9,53.6,47.0,55.6,63.0,78.4,58.2,53.0
SCAN_20251017_071012_443,2025-10-17 07:10:12,LOC_008,Jiribam Railway Station,Manipur,Transport,24.8,93.1,92.7,CRITICAL,Immediate Action Required,89.5,75.4,71.6,60.3,56.3,55.3,75.0,61.7
SCAN_20251017_120443_483,2025-10-17 12:04:43,LOC_047,Saiha District,Mizoram,Rural,22.4833,92.9833,57.8,HIGH,Enhanced Monitoring,92.4,47.3,54.5,51.5,52.2,50.0,31.0,59.1
SCAN_20251017_135607_015,2025-10-17 13:56:07,LOC_038,Dharmanagar Border,Tripura,Border,24.3667,92.1667,100.0,CRITICAL,Immediate Action Required,97.7,74.0,67.8,93.4,94.6,100.0,92.3,85.5
SCAN_20251017_162520_361,2025-10-17 16:25:20,LOC_012,Dimapur Junction,Nagaland,Transport,25.9097,93.7267,51.5,HIGH,Enhanced Monitoring,96.6,36.9,50.7,42.7,47.5,40.0,52.3,37.0
SCAN_20251017_163733_229,2025-10-17 16:37:33,LOC_036,Haflong Hills,Assam,Hilly,25.1667,93.0167,61.0,HIGH,Enhanced Monitoring,85.8,52.6,47.6,54.8,59.2,58.4,43.9,53.9
SCAN_20251017_180347_247,2025-10-17 18:03:47,LOC_030,Tezpur Airbase,Assam,Military,26.6333,92.8,100.0,CRITICAL,Immediate Action Required,94.2,94.6,98.4,97.5,89.8,90.1,84.1,90.7
SCAN_20251017_192600_157,2025-10-17 19:26:00,LOC_040,Kailashahar Checkpoint,Tripura,Checkpoint,24.3333,92.0,61.9,HIGH,Enhanced Monitoring,86.8,49.8,53.3,50.9,53.0,59.3,48.5,65.5
SCAN_20251017_223718_103,2025-10-17 22:37:18,LOC_017,Zunheboto Hills,Nagaland,Hilly,25.9667,94.5333,44.8,MODERATE,Routine Monitoring,86.7,30.8,45.5,25.0,49.9,42.3,21.3,42.8
SCAN_20251018_002520_185,2025-10-18 00:25:20,LOC_009,Kakching District,Manipur,Rural,24.4986,93.9811,19.2,LOW,Area Cleared,96.4,0.0,10.7,11.6,23.7,23.7,0.0,11.5
SCAN_20251018_031137_038,2025-10-18 03:11:37,LOC_028,Williamnagar Border,Meghalaya,Border,25.4833,90.1333,100.0,CRITICAL,Immediate Action Required,91.2,82.0,87.5,83.7,77.3,77.7,90.8,64.6
SCAN_20251018_034848_303,2025-10-18 03:48:48,LOC_029,Guwahati City,Assam,Urban,26.1445,91.7362,21.4,LOW,Area Cleared,84.5,2.4,3.9,5.0,34.0,46.1,1.6,3.4
SCAN_20251018_045127_079,2025-10-18 04:51:27,LOC_020,Longleng Checkpoint,Nagaland,Checkpoint,26.45,94.9333,29.1,MODERATE,Routine Monitoring,82.5,35.2,29.4,22.2,14.8,2.7,20.3,12.0
SCAN_20251018_070202_446,2025-10-18 07:02:02,LOC_006,Ukhrul Hills,Manipur,Hilly,25.06,94.36,62.9,HIGH,Enhanced Monitoring,96.6,50.2,54.7,68.6,53.3,59.4,54.1,39.9
SCAN_20251018_103036_436,2025-10-18 10:30:36,LOC_047,Saiha District,Mizoram,Rural,22.4833,92.9833,63.0,HIGH,Enhanced Monitoring,83.8,54.0,68.6,62.9,55.2,55.1,31.5,43.4
SCAN_20251018_103310_041,2025-10-18 10:33:10,LOC_024,Jowai Checkpoint,Meghalaya,Checkpoint,25.45,92.2,35.7,MODERATE,Routine Monitoring,85.2,11.6,28.0,19.6,44.7,50.9,14.0,29.5
SCAN_20251018_120720_444,2025-10-18 12:07:20,LOC_039,Udaipur District,Tripura,Rural,23.5333,91.4833,30.4,MODERATE,Routine Monitoring,96.8,28.0,15.7,6.0,37.2,33.7,15.8,19.3
SCAN_20251018_170203_368,2025-10-18 17:02:03,LOC_028,Williamnagar Border,Meghalaya,Border,25.4833,90.1333,62.3,HIGH,Enhanced Monitoring,90.9,50.3,53.9,62.8,59.2,70.1,33.3,41.7
SCAN_20251018_171353_194,2025-10-18 17:13:53,LOC_015,Mokokchung Town,Nagaland,Urban,26.3222,94.5167,39.2,MODERATE,Routine Monitoring,83.2,34.5,11.3,44.0,29.2,31.0,35.7,39.7
SCAN_20251018_174915_423,2025-10-18 17:49:15,LOC_046,Lunglei Town,Mizoram,Urban,22.8833,92.7333,36.9,MODERATE,Routine Monitoring,89.1,19.0,31.6,15.0,46.5,44.2,28.4,21.5
SCAN_20251018_231722_109,2025-10-18 23:17:22,LOC_028,Williamnagar Border,Meghalaya,Border,25.4833,90.1333,80.2,CRITICAL,Immediate Action Required,89.1,64.2,59.2,71.1,38.0,41.0,71.5,71.9
SCAN_20251019_004328_494,2025-10-19 00:43:28,LOC_024,Jowai Checkpoint,Meghalaya,Checkpoint,25.45,92.2,50.3,HIGH,Enhanced Monitoring,88.0,35.2,35.4,47.6,52.4,48.4,45.8,36.5
SCAN_20251019_004714_451,2025-10-19 00:47:14,LOC_050,Ziro Valley,Arunachal Pradesh,Hilly,27.5667,93.8333,43.9,MODERATE,Routine Monitoring,83.6,43.4,28.5,43.7,30.0,43.8,24.7,29.0
SCAN_20251019_012117_099,2025-10-19 01:21:17,LOC_025,Nongpoh Junction,Meghalaya,Transport,25.9,91.8833,28.4,MODERATE,Routine Monitoring,88.5,30.1,24.7,21.4,16.9,17.0,21.4,0.0
SCAN_20251019_015834_490,2025-10-19 01:58:34,LOC_047,Saiha District,Mizoram,Rural,22.4833,92.9833,58.7,HIGH,Enhanced Monitoring,85.0,53.8,47.5,56.7,45.3,34.4,72.4,50.8
SCAN_20251019_021722_090,2025-10-19 02:17:22,LOC_020,Longleng Checkpoint,Nagaland,Checkpoint,26.45,94.9333,60.1,HIGH,Enhanced Monitoring,94.7,56.7,45.8,67.3,37.6,46.5,61.6,48.0
SCAN_20251019_060218_019,2025-10-19 06:02:18,LOC_033,Dibrugarh Oil Town,Assam,Industrial,27.4833,94.9,40.5,MODERATE,Routine Monitoring,95.3,25.1,51.0,34.5,24.5,13.5,31.0,50.7
SCAN_20251019_092036_128,2025-10-19 09:20:36,LOC_026,Cherrapunji Hills,Meghalaya,Hilly,25.3,91.7,20.8,LOW,Area Cleared,88.6,13.4,24.2,23.4,39.0,23.1,14.9,6.2
SCAN_20251019_095913_065,2025-10-19 09:59:13,LOC_005,Thoubal Checkpoint,Manipur,Checkpoint,24.6333,94.0,44.7,MODERATE,Routine Monitoring,96.2,34.0,29.3,23.0,50.2,55.0,27.8,41.3
SCAN_20251019_110113_021,2025-10-19 11:01:13,LOC_018,Phek District,Nagaland,Rural,25.6667,94.5,78.1,CRITICAL,Immediate Action Required,97.5,65.2,61.3,83.1,53.4,55.0,55.7,62.9
SCAN_20251019_120231_469,2025-10-19 12:02:31,LOC_037,Agartala City,Tripura,Urban,23.8315,91.2868,22.8,LOW,Area Cleared,87.9,16.7,10.2,17.2,13.3,19.3,14.0,11.6
SCAN_20251019_131323_295,2025-10-19 13:13:23,LOC_025,Nongpoh Junction,Meghalaya,Transport,25.9,91.8833,14.8,LOW,Area Cleared,91.9,6.2,14.1,1.9,0.0,13.0,0.0,7.4
SCAN_20251019_133141_431,2025-10-19 13:31:41,LOC_030,Tezpur Airbase,Assam,Military,26.6333,92.8,100.0,CRITICAL,Immediate Action Required,85.8,92.0,100.0,100.0,82.6,84.5,88.0,100.0
SCAN_20251019_140827_384,2025-10-19 14:08:27,LOC_029,Guwahati City,Assam,Urban,26.1445,91.7362,31.2,MODERATE,Routine Monitoring,86.1,31.6,32.6,21.1,16.1,9.3,31.0,14.3
SCAN_20251019_155754_235,2025-10-19 15:57:54,LOC_041,Sabroom Border Post,Tripura,Border,23.0,91.7167,100.0,CRITICAL,Immediate Action Required,85.4,86.2,78.3,85.0,78.4,80.9,83.4,94.5
SCAN_20251019_160342_364,2025-10-19 16:03:42,LOC_012,Dimapur Junction,Nagaland,Transport,25.9097,93.7267,63.2,HIGH,Enhanced Monitoring,84.1,52.8,42.0,59.3,57.7,63.9,62.1,55.0
SCAN_20251019_163113_319,2025-10-19 16:31:13,LOC_029,Guwahati City,Assam,Urban,26.1445,91.7362,24.9,LOW,Area Cleared,95.8,23.9,27.6,0.0,23.2,11.0,12.2,14.7
SCAN_20251019_171931_087,2025-10-19 17:19:31,LOC_013,Mon Border Area,Nagaland,Border,26.7167,95.0,66.6,HIGH,Enhanced Monitoring,94.7,38.6,51.9,46.6,87.7,85.9,48.1,63.1
SCAN_20251019_175401_075,2025-10-19 17:54:01,LOC_006,Ukhrul Hills,Manipur,Hilly,25.06,94.36,45.0,MODERATE,Routine Monitoring,94.3,41.3,29.5,34.7,34.6,23.1,71.0,35.3
SCAN_20251019_181534_362,2025-10-19 18:15:34,LOC_043,Belonia Checkpoint,Tripura,Checkpoint,23.25,91.4667,42.2,MODERATE,Routine Monitoring,88.1,42.3,30.7,34.3,26.4,34.1,40.2,27.5
SCAN_20251019_185430_438,2025-10-19 18:54:30,LOC_026,Cherrapunji Hills,Meghalaya,Hilly,25.3,91.7,43.5,MODERATE,Routine Monitoring,82.3,34.3,31.7,24.6,47.4,47.2,31.8,32.7
SCAN_20251019_204645_367,2025-10-19 20:46:45,LOC_011,Kohima City,Nagaland,Urban,25.6747,94.1078,41.7,MODERATE,Routine Monitoring,85.5,39.1,21.6,45.8,38.8,26.0,30.2,35.1
SCAN_20251019_205200_369,2025-10-19 20:52:00,LOC_030,Tezpur Airbase,Assam,Military,26.6333,92.8,100.0,CRITICAL,Immediate Action Required,90.1,93.2,83.0,85.0,75.5,72.2,94.0,95.8
SCAN_20251020_003428_176,2025-10-20 00:34:28,LOC_031,Silchar Airport,Assam,Transport,24.9128,92.9786,57.8,HIGH,Enhanced Monitoring,89.1,37.0,49.7,54.3,50.9,63.9,57.3,39.0
SCAN_20251020_020931_404,2025-10-20 02:09:31,LOC_029,Guwahati City,Assam,Urban,26.1445,91.7362,40.6,MODERATE,Routine Monitoring,94.3,32.4,31.4,39.4,31.3,42.7,16.3,27.7
SCAN_20251020_024655_304,2025-10-20 02:46:55,LOC_048,Itanagar Capital,Arunachal Pradesh,Urban,27.1,93.6167,17.4,LOW,Area Cleared,85.7,15.4,22.5,15.8,16.6,0.0,34.6,24.5
SCAN_20251020_035009_195,2025-10-20 03:50:09,LOC_020,Longleng Checkpoint,Nagaland,Checkpoint,26.45,94.9333,51.1,HIGH,Enhanced Monitoring,86.4,46.0,39.1,39.6,50.6,54.5,27.0,39.3
SCAN_20251020_064045_220,2025-10-20 06:40:45,LOC_032,Bongaigaon Refinery,Assam,Industrial,26.4833,90.55,100.0,CRITICAL,Immediate Action Required,83.6,81.0,75.8,75.5,94.3,100.0,67.9,66.3
SCAN_20251020_075109_039,2025-10-20 07:51:09,LOC_027,Baghmara District,Meghalaya,Rural,25.1833,90.6333,59.7,HIGH,Enhanced Monitoring,83.4,46.4,51.5,58.6,51.2,54.7,38.0,62.0
SCAN_20251020_081342_071,2025-10-20 08:13:42,LOC_035,Kokrajhar Border,Assam,Border,26.4014,90.2714,72.5,HIGH,Enhanced Monitoring,86.2,56.6,71.9,65.9,71.8,70.9,55.3,55.2
SCAN_20251020_120801_466,2025-10-20 12:08:01,LOC_006,Ukhrul Hills,Manipur,Hilly,25.06,94.36,66.9,HIGH,Enhanced Monitoring,92.4,42.7,56.6,45.8,83.3,85.4,52.4,51.8
SCAN_20251020_130928_434,2025-10-20 13:09:28,LOC_048,Itanagar Capital,Arunachal Pradesh,Urban,27.1,93.6167,28.9,MODERATE,Routine Monitoring,85.3,28.5,26.9,11.7,16.9,18.8,19.1,18.5
SCAN_20251020_143438_049,2025-10-20 14:34:38,LOC_014,Tuensang District,Nagaland,Rural,26.2667,94.8167,22.7,LOW,Area Cleared,94.7,17.6,44.8,26.8,18.6,3.0,18.0,26.0
SCAN_20251020_153028_126,2025-10-20 15:30:28,LOC_020,Longleng Checkpoint,Nagaland,Checkpoint,26.45,94.9333,55.4,HIGH,Enhanced Monitoring,93.0,48.8,53.8,57.5,33.7,44.0,37.1,50.3
SCAN_20251020_185052_250,2025-10-20 18:50:52,LOC_015,Mokokchung Town,Nagaland,Urban,26.3222,94.5167,13.5,LOW,Area Cleared,96.2,9.3,8.5,0.0,0.9,13.4,0.0,0.2
SCAN_20251020_212942_310,2025-10-20 21:29:42,LOC_048,Itanagar Capital,Arunachal Pradesh,Urban,27.1,93.6167,14.5,LOW,Area Cleared,88.5,7.9,0.0,3.0,9.1,12.9,14.3,0.0
SCAN_20251020_215532_464,2025-10-20 21:55:32,LOC_049,Tawang Border,Arunachal Pradesh,Border,27.5833,91.8667,100.0,CRITICAL,Immediate Action Required,97.9,90.3,94.3,91.1,81.0,90.2,91.2,75.9
SCAN_20251020_234747_448,2025-10-20 23:47:47,LOC_047,Saiha District,Mizoram,Rural,22.4833,92.9833,58.1,HIGH,Enhanced Monitoring,91.2,58.5,53.9,43.4,40.7,48.5,52.9,47.2
SCAN_20251021_001709_035,2025-10-21 00:17:09,LOC_025,Nongpoh Junction,Meghalaya,Transport,25.9,91.8833,36.3,MODERATE,Routine Monitoring,94.1,37.0,39.0,27.3,22.4,17.6,22.1,22.7
SCAN_20251021_003032_313,2025-10-21 00:30:32,LOC_030,Tezpur Airbase,Assam,Military,26.6333,92.8,100.0,CRITICAL,Immediate Action Required,84.8,73.5,79.2,88.7,78.1,88.3,69.2,83.5
SCAN_20251021_005517_387,2025-10-21 00:55:17,LOC_013,Mon Border Area,Nagaland,Border,26.7167,95.0,55.7,HIGH,Enhanced Monitoring,93.9,59.2,70.0,38.0,45.6,63.1,57.7,48.3
SCAN_20251021_030038_178,2025-10-21 03:00:38,LOC_036,Haflong Hills,Assam,Hilly,25.1667,93.0167,55.2,HIGH,Enhanced Monitoring,90.2,49.6,48.2,31.2,56.4,46.8,42.8,58.9
SCAN_20251021_044355_042,2025-10-21 04:43:55,LOC_049,Tawang Border,Arunachal Pradesh,Border,27.5833,91.8667,100.0,CRITICAL,Immediate Action Required,89.2,97.0,90.0,87.3,94.5,85.2,92.9,73.9
SCAN_20251021_070110_340,2025-10-21 07:01:10,LOC_048,Itanagar Capital,Arunachal Pradesh,Urban,27.1,93.6167,29.7,MODERATE,Routine Monitoring,94.4,24.1,15.1,10.1,29.9,29.1,15.3,31.9
SCAN_20251021_071729_366,2025-10-21 07:17:29,LOC_007,Moreh Border Post,Manipur,Border,24.4,94.0167,100.0,CRITICAL,Immediate Action Required,83.0,70.8,81.0,73.7,51.5,52.4,90.8,86.1
SCAN_20251021_074801_082,2025-10-21 07:48:01,LOC_029,Guwahati City,Assam,Urban,26.1445,91.7362,14.1,LOW,Area Cleared,91.0,14.4,8.7,0.0,31.9,15.2,16.8,18.7
SCAN_20251021_093020_322,2025-10-21 09:30:20,LOC_046,Lunglei Town,Mizoram,Urban,22.8833,92.7333,29.9,MODERATE,Routine Monitoring,92.2,28.6,19.0,17.4,21.5,11.0,41.1,18.5
SCAN_20251021_111157_214,2025-10-21 11:11:57,LOC_028,Williamnagar Border,Meghalaya,Border,25.4833,90.1333,100.0,CRITICAL,Immediate Action Required,92.2,75.6,75.7,76.3,66.8,69.6,64.7,77.1
SCAN_20251021_132601_158,2025-10-21 13:26:01,LOC_046,Lunglei Town,Mizoram,Urban,22.8833,92.7333,10.8,LOW,Area Cleared,88.7,0.0,5.3,6.7,0.4,5.1,0.0,0.0
SCAN_20251021_134839_045,2025-10-21 13:48:39,LOC_009,Kakching District,Manipur,Rural,24.4986,93.9811,20.1,LOW,Area Cleared,89.6,7.9,19.8,23.3,0.0,0.0,22.8,12.1
SCAN_20251021_141526_468,2025-10-21 14:15:26,LOC_045,Champhai Border,Mizoram,Border,23.4667,93.3333,100.0,CRITICAL,Immediate Action Required,92.9,72.9,78.3,85.1,86.5,75.3,72.7,79.7
SCAN_20251021_141628_020,2025-10-21 14:16:28,LOC_024,Jowai Checkpoint,Meghalaya,Checkpoint,25.45,92.2,59.2,HIGH,Enhanced Monitoring,93.0,50.2,64.5,59.8,30.3,37.1,60.4,53.9
SCAN_20251021_164843_203,2025-10-21 16:48:43,LOC_017,Zunheboto Hills,Nagaland,Hilly,25.9667,94.5333,17.6,LOW,Area Cleared,90.4,6.3,15.5,5.2,7.3,6.5,13.4,15.7
SCAN_20251021_171411_407,2025-10-21 17:14:11,LOC_045,Champhai Border,Mizoram,Border,23.4667,93.3333,100.0,CRITICAL,Immediate Action Required,86.8,89.0,85.8,96.5,100.0,100.0,91.9,77.4
SCAN_20251021_204905_053,2025-10-21 20:49:05,LOC_006,Ukhrul Hills,Manipur,Hilly,25.06,94.36,54.9,HIGH,Enhanced Monitoring,85.8,63.9,58.4,51.6,25.5,15.2,47.0,58.3
SCAN_20251021_230148_168,2025-10-21 23:01:48,LOC_016,Wokha Checkpoint,Nagaland,Checkpoint,26.1,94.2667,47.4,MODERATE,Routine Monitoring,96.0,40.9,49.2,46.3,39.6,31.5,38.1,21.2
SCAN_20251021_235411_092,2025-10-21 23:54:11,LOC_019,Peren Border,Nagaland,Border,25.5,93.7333,73.8,HIGH,Enhanced Monitoring,82.3,58.2,70.7,63.8,67.3,65.5,72.7,66.9
SCAN_20251022_004944_254,2025-10-22 00:49:44,LOC_039,Udaipur District,Tripura,Rural,23.5333,91.4833,19.9,LOW,Area Cleared,83.7,11.3,5.1,0.0,8.5,19.3,21.6,26.3
SCAN_20251022_010853_204,2025-10-22 01:08:53,LOC_014,Tuensang District,Nagaland,Rural,26.2667,94.8167,63.1,HIGH,Enhanced Monitoring,90.0,68.9,65.3,51.9,43.5,51.3,33.3,55.4
SCAN_20251022_023559_165,2025-10-22 02:35:59,LOC_044,Aizawl City,Mizoram,Urban,23.7307,92.7173,15.8,LOW,Area Cleared,93.3,9.3,9.5,6.7,9.9,6.0,11.7,0.0
SCAN_20251022_025617_371,2025-10-22 02:56:17,LOC_049,Tawang Border,Arunachal Pradesh,Border,27.5833,91.8667,100.0,CRITICAL,Immediate Action Required,97.4,91.4,98.7,84.7,90.7,78.1,89.4,86.3
SCAN_20251022_065536_456,2025-10-22 06:55:36,LOC_024,Jowai Checkpoint,Meghalaya,Checkpoint,25.45,92.2,69.3,HIGH,Enhanced Monitoring,86.4,66.3,58.6,42.1,47.1,35.2,56.6,76.4
SCAN_20251022_073923_077,2025-10-22 07:39:23,LOC_023,Dawki Border,Meghalaya,Border,25.1667,92.0,73.0,HIGH,Enhanced Monitoring,93.3,63.8,53.9,58.3,53.3,56.6,59.1,60.4
SCAN_20251022_125041_150,2025-10-22 12:50:41,LOC_037,Agartala City,Tripura,Urban,23.8315,91.2868,12.4,LOW,Area Cleared,82.2,0.0,12.0,0.0,0.0,7.9,10.9,0.0
SCAN_20251022_153953_028,2025-10-22 15:39:53,LOC_029,Guwahati City,Assam,Urban,26.1445,91.7362,31.2,MODERATE,Routine Monitoring,87.0,34.2,13.7,35.8,7.6,15.4,15.2,37.5
SCAN_20251022_164706_391,2025-10-22 16:47:06,LOC_028,Williamnagar Border,Meghalaya,Border,25.4833,90.1333,78.2,CRITICAL,Immediate Action Required,94.3,65.3,63.1,77.3,81.4,95.5,55.7,45.6
SCAN_20251022_180755_452,2025-10-22 18:07:55,LOC_009,Kakching District,Manipur,Rural,24.4986,93.9811,20.2,LOW,Area Cleared,93.0,19.1,15.4,0.0,12.1,1.5,16.5,23.1
SCAN_20251022_192930_392,2025-10-22 19:29:30,LOC_004,Churachandpur Border,Manipur,Border,24.3333,93.6833,87.3,CRITICAL,Immediate Action Required,84.3,74.4,68.4,70.1,48.2,45.6,73.9,86.2
SCAN_20251022_202540_370,2025-10-22 20:25:40,LOC_048,Itanagar Capital,Arunachal Pradesh,Urban,27.1,93.6167,24.5,LOW,Area Cleared,88.6,8.9,5.5,5.0,31.1,25.3,36.1,18.3
SCAN_20251022_202914_243,2025-10-22 20:29:14,LOC_022,Tura Town,Meghalaya,Urban,25.5138,90.2022,39.1,MODERATE,Routine Monitoring,92.5,42.1,52.1,43.6,25.3,8.8,37.3,66.8
SCAN_20251022_211432_148,2025-10-22 21:14:32,LOC_035,Kokrajhar Border,Assam,Border,26.4014,90.2714,100.0,CRITICAL,Immediate Action Required,96.7,71.5,72.1,67.7,85.1,84.6,62.8,79.1
SCAN_20251022_212513_269,2025-10-22 21:25:13,LOC_019,Peren Border,Nagaland,Border,25.5,93.7333,55.7,HIGH,Enhanced Monitoring,95.1,43.1,57.9,54.0,35.7,33.0,53.1,60.3
SCAN_20251022_213656_013,2025-10-22 21:36:56,LOC_024,Jowai Checkpoint,Meghalaya,Checkpoint,25.45,92.2,71.2,HIGH,Enhanced Monitoring,94.0,63.8,48.6,50.4,66.4,55.0,47.3,62.1
SCAN_20251022_224332_293,2025-10-22 22:43:32,LOC_031,Silchar Airport,Assam,Transport,24.9128,92.9786,39.6,MODERATE,Routine Monitoring,96.6,37.4,40.8,27.7,55.2,35.7,35.1,51.8
SCAN_20251022_230013_309,2025-10-22 23:00:13,LOC_037,Agartala City,Tripura,Urban,23.8315,91.2868,16.9,LOW,Area Cleared,84.0,12.6,17.5,9.3,2.3,0.0,7.5,7.5
SCAN_20251023_000508_432,2025-10-23 00:05:08,LOC_031,Silchar Airport,Assam,Transport,24.9128,92.9786,29.5,MODERATE,Routine Monitoring,95.2,18.0,36.0,22.2,11.7,12.6,16.6,31.0
SCAN_20251023_015605_429,2025-10-23 01:56:05,LOC_031,Silchar Airport,Assam,Transport,24.9128,92.9786,59.0,HIGH,Enhanced Monitoring,84.0,50.7,53.1,43.4,54.3,49.6,53.9,54.3
SCAN_20251023_024652_496,2025-10-23 02:46:52,LOC_008,Jiribam Railway Station,Manipur,Transport,24.8,93.1,63.1,HIGH,Enhanced Monitoring,91.0,52.0,54.8,57.5,52.1,55.9,54.2,61.6
SCAN_20251023_043826_286,2025-10-23 04:38:26,LOC_043,Belonia Checkpoint,Tripura,Checkpoint,23.25,91.4667,35.6,MODERATE,Routine Monitoring,96.7,20.4,48.6,32.8,18.6,4.7,37.3,31.8
SCAN_20251023_044202_257,2025-10-23 04:42:02,LOC_015,Mokokchung Town,Nagaland,Urban,26.3222,94.5167,15.7,LOW,Area Cleared,89.4,13.3,9.7,4.5,0.0,0.0,11.7,14.4
SCAN_20251023_071340_118,2025-10-23 07:13:40,LOC_048,Itanagar Capital,Arunachal Pradesh,Urban,27.1,93.6167,16.7,LOW,Area Cleared,97.2,4.3,10.0,16.5,6.7,1.9,10.2,14.9
SCAN_20251023_083425_104,2025-10-23 08:34:25,LOC_050,Ziro Valley,Arunachal Pradesh,Hilly,27.5667,93.8333,12.1,LOW,Area Cleared,83.5,7.4,0.0,0.0,0.0,4.7,2.5,16.6
SCAN_20251023_095615_264,2025-10-23 09:56:15,LOC_024,Jowai Checkpoint,Meghalaya,Checkpoint,25.45,92.2,44.9,MODERATE,Routine Monitoring,95.6,33.3,43.2,27.6,42.5,42.3,35.2,33.4
SCAN_20251023_102019_477,2025-10-23 10:20:19,LOC_037,Agartala City,Tripura,Urban,23.8315,91.2868,24.0,LOW,Area Cleared,89.8,12.7,5.3,24.8,22.7,28.1,5.0,13.7
SCAN_20251023_103242_154,2025-10-23 10:32:42,LOC_046,Lunglei Town,Mizoram,Urban,22.8833,92.7333,17.0,LOW,Area Cleared,85.7,16.0,11.0,5.0,9.0,13.2,0.0,0.0
SCAN_20251023_104948_225,2025-10-23 10:49:48,LOC_014,Tuensang District,Nagaland,Rural,26.2667,94.8167,71.1,HIGH,Enhanced Monitoring,97.8,56.5,54.8,60.1,77.3,91.7,43.9,54.8
SCAN_20251023_110649_263,2025-10-23 11:06:49,LOC_018,Phek District,Nagaland,Rural,25.6667,94.5,63.4,HIGH,Enhanced Monitoring,87.5,63.7,50.4,45.5,64.3,63.2,48.0,47.5
SCAN_20251023_124902_110,2025-10-23 12:49:02,LOC_021,Shillong City Center,Meghalaya,Urban,25.5788,91.8933,37.0,MODERATE,Routine Monitoring,82.9,38.6,32.1,31.6,29.8,21.6,15.2,24.1
SCAN_20251023_150755_450,2025-10-23 15:07:55,LOC_047,Saiha District,Mizoram,Rural,22.4833,92.9833,44.4,MODERATE,Routine Monitoring,87.1,32.9,38.0,50.9,29.6,32.2,41.2,28.3
SCAN_20251023_155328_321,2025-10-23 15:53:28,LOC_019,Peren Border,Nagaland,Border,25.5,93.7333,53.6,HIGH,Enhanced Monitoring,87.9,42.8,57.9,57.8,30.5,19.8,53.7,58.9
SCAN_20251023_155911_161,2025-10-23 15:59:11,LOC_030,Tezpur Airbase,Assam,Military,26.6333,92.8,100.0,CRITICAL,Immediate Action Required,84.7,89.5,77.7,86.7,86.1,86.5,77.1,82.4
SCAN_20251023_174137_224,2025-10-23 17:41:37,LOC_003,Bishnupur District,Manipur,Rural,24.5965,93.7699,42.8,MODERATE,Routine Monitoring,94.8,39.1,30.0,33.4,48.3,41.1,13.4,32.5
SCAN_20251023_184727_172,2025-10-23 18:47:27,LOC_002,Imphal Airport Road,Manipur,Transport,24.76,93.8967,61.7,HIGH,Enhanced Monitoring,87.9,54.0,51.5,49.2,62.7,60.1,50.1,47.1
SCAN_20251023_193808_068,2025-10-23 19:38:08,LOC_022,Tura Town,Meghalaya,Urban,25.5138,90.2022,41.7,MODERATE,Routine Monitoring,97.2,47.5,50.9,42.6,11.7,34.4,33.4,67.7
SCAN_20251023_200050_107,2025-10-23 20:00:50,LOC_035,Kokrajhar Border,Assam,Border,26.4014,90.2714,100.0,CRITICAL,Immediate Action Required,93.2,76.3,66.7,73.7,98.8,90.1,70.5,79.8
SCAN_20251023_210207_149,2025-10-23 21:02:07,LOC_039,Udaipur District,Tripura,Rural,23.5333,91.4833,24.9,LOW,Area Cleared,87.7,20.9,12.6,28.9,9.9,7.8,16.1,20.9
SCAN_20251023_221815_033,2025-10-23 22:18:15,LOC_016,Wokha Checkpoint,Nagaland,Checkpoint,26.1,94.2667,36.0,MODERATE,Routine Monitoring,93.9,24.0,37.8,34.2,20.7,22.6,30.6,23.7
SCAN_20251023_223750_351,2025-10-23 22:37:50,LOC_041,Sabroom Border Post,Tripura,Border,23.0,91.7167,100.0,CRITICAL,Immediate Action Required,89.2,75.4,74.3,80.5,88.9,92.9,83.3,90.6
SCAN_20251023_225434_276,2025-10-23 22:54:34,LOC_039,Udaipur District,Tripura,Rural,23.5333,91.4833,14.5,LOW,Area Cleared,94.0,0.0,16.2,17.5,0.0,1.3,6.6,1.4
SCAN_20251024_002750_223,2025-10-24 00:27:50,LOC_037,Agartala City,Tripura,Urban,23.8315,91.2868,12.4,LOW,Area Cleared,97.5,0.0,0.0,0.0,13.8,14.2,6.5,0.0
SCAN_20251024_032042_352,2025-10-24 03:20:42,LOC_033,Dibrugarh Oil Town,Assam,Industrial,27.4833,94.9,53.0,HIGH,Enhanced Monitoring,84.0,47.9,40.5,47.4,44.7,44.4,49.4,40.7
SCAN_20251024_061620_211,2025-10-24 06:16:20,LOC_031,Silchar Airport,Assam,Transport,24.9128,92.9786,58.6,HIGH,Enhanced Monitoring,87.1,42.0,44.9,36.2,77.6,76.6,38.6,40.0
SCAN_20251024_081035_212,2025-10-24 08:10:35,LOC_024,Jowai Checkpoint,Meghalaya,Checkpoint,25.45,92.2,49.0,MODERATE,Routine Monitoring,93.7,37.6,52.1,35.9,33.6,42.9,48.1,34.8
SCAN_20251024_091115_413,2025-10-24 09:11:15,LOC_043,Belonia Checkpoint,Tripura,Checkpoint,23.25,91.4667,66.5,HIGH,Enhanced Monitoring,87.6,65.9,64.6,64.0,40.5,43.4,71.3,56.4
SCAN_20251024_095852_283,2025-10-24 09:58:52,LOC_037,Agartala City,Tripura,Urban,23.8315,91.2868,18.4,LOW,Area Cleared,87.7,9.4,10.5,27.5,14.2,5.4,0.0,0.0
SCAN_20251024_102137_428,2025-10-24 10:21:37,LOC_047,Saiha District,Mizoram,Rural,22.4833,92.9833,52.6,HIGH,Enhanced Monitoring,93.2,43.0,41.9,48.4,52.0,43.5,49.0,35.6
SCAN_20251024_113026_074,2025-10-24 11:30:26,LOC_010,Senapati Checkpoint,Manipur,Checkpoint,25.2667,94.0333,67.9,HIGH,Enhanced Monitoring,82.4,53.0,59.7,46.0,63.3,67.0,67.7,72.4
SCAN_20251024_113316_275,2025-10-24 11:33:16,LOC_025,Nongpoh Junction,Meghalaya,Transport,25.9,91.8833,40.2,MODERATE,Routine Monitoring,90.1,36.1,42.1,30.4,43.4,32.9,10.3,16.5
SCAN_20251024_125109_422,2025-10-24 12:51:09,LOC_001,Imphal City Center,Manipur,Urban,24.817,93.9368,54.5,HIGH,Enhanced Monitoring,82.7,52.8,59.5,43.9,37.1,27.2,51.9,49.7
SCAN_20251024_143326_064,2025-10-24 14:33:26,LOC_003,Bishnupur District,Manipur,Rural,24.5965,93.7699,42.6,MODERATE,Routine Monitoring,97.8,33.7,32.5,35.9,34.1,36.3,42.9,27.6
SCAN_20251024_163059_255,2025-10-24 16:30:59,LOC_031,Silchar Airport,Assam,Transport,24.9128,92.9786,41.9,MODERATE,Routine Monitoring,86.7,32.0,31.3,31.2,36.7,35.9,40.0,34.2
SCAN_20251024_174830_338,2025-10-24 17:48:30,LOC_027,Baghmara District,Meghalaya,Rural,25.1833,90.6333,65.9,HIGH,Enhanced Monitoring,86.1,52.1,52.4,72.3,57.7,58.8,55.7,59.0
SCAN_20251024_180414_095,2025-10-24 18:04:14,LOC_016,Wokha Checkpoint,Nagaland,Checkpoint,26.1,94.2667,55.7,HIGH,Enhanced Monitoring,86.6,43.7,38.5,50.2,56.0,50.6,45.2,56.6
SCAN_20251024_182208_439,2025-10-24 18:22:08,LOC_009,Kakching District,Manipur,Rural,24.4986,93.9811,27.0,MODERATE,Routine Monitoring,88.8,0.0,25.3,29.4,25.8,18.1,22.0,20.7
SCAN_20251024_202409_137,2025-10-24 20:24:09,LOC_039,Udaipur District,Tripura,Rural,23.5333,91.4833,27.0,MODERATE,Routine Monitoring,94.4,20.2,17.2,0.0,26.4,19.0,30.5,28.1
SCAN_20251024_211418_091,2025-10-24 21:14:18,LOC_007,Moreh Border Post,Manipur,Border,24.4,94.0167,100.0,CRITICAL,Immediate Action Required,84.7,99.8,92.1,100.0,86.5,88.2,79.2,88.2
SCAN_20251024_223012_067,2025-10-24 22:30:12,LOC_038,Dharmanagar Border,Tripura,Border,24.3667,92.1667,56.2,HIGH,Enhanced Monitoring,88.8,40.5,44.6,43.9,49.4,59.7,58.7,47.2
SCAN_20251024_223554_147,2025-10-24 22:35:54,LOC_022,Tura Town,Meghalaya,Urban,25.5138,90.2022,56.5,HIGH,Enhanced Monitoring,85.9,51.9,60.2,51.5,37.2,39.6,49.1,42.4
SCAN_20251024_223559_193,2025-10-24 22:35:59,LOC_005,Thoubal Checkpoint,Manipur,Checkpoint,24.6333,94.0,38.8,MODERATE,Routine Monitoring,96.4,22.8,27.7,25.1,28.8,41.5,28.4,49.3
SCAN_20251024_225014_459,2025-10-24 22:50:14,LOC_004,Churachandpur Border,Manipur,Border,24.3333,93.6833,100.0,CRITICAL,Immediate Action Required,88.3,82.6,74.3,73.1,72.9,80.6,75.4,79.0
SCAN_20251025_002434_411,2025-10-25 00:24:34,LOC_011,Kohima City,Nagaland,Urban,25.6747,94.1078,24.6,LOW,Area Cleared,90.4,31.2,21.4,13.3,0.0,6.6,21.4,14.6
SCAN_20251025_022144_421,2025-10-25 02:21:44,LOC_028,Williamnagar Border,Meghalaya,Border,25.4833,90.1333,80.1,CRITICAL,Immediate Action Required,89.3,66.4,61.9,78.6,49.6,60.7,60.6,77.6
SCAN_20251025_030925_301,2025-10-25 03:09:25,LOC_047,Saiha District,Mizoram,Rural,22.4833,92.9833,49.0,MODERATE,Routine Monitoring,82.6,44.5,32.3,55.2,33.2,37.2,36.0,47.8
SCAN_20251025_033224_252,2025-10-25 03:32:24,LOC_011,Kohima City,Nagaland,Urban,25.6747,94.1078,32.1,MODERATE,Routine Monitoring,90.6,33.4,23.9,29.0,18.7,16.9,25.6,14.7
SCAN_20251025_044108_380,2025-10-25 04:41:08,LOC_004,Churachandpur Border,Manipur,Border,24.3333,93.6833,60.8,HIGH,Enhanced Monitoring,88.8,53.1,68.3,64.9,45.3,61.5,68.7,66.1
SCAN_20251025_053528_325,2025-10-25 05:35:28,LOC_004,Churachandpur Border,Manipur,Border,24.3333,93.6833,56.9,HIGH,Enhanced Monitoring,85.1,57.6,55.1,62.7,28.7,16.8,70.9,49.6
SCAN_20251025_070340_447,2025-10-25 07:03:40,LOC_042,Khowai Junction,Tripura,Transport,24.0667,91.6,33.6,MODERATE,Routine Monitoring,97.5,19.7,26.2,24.6,14.4,18.6,33.1,54.0
SCAN_20251025_082906_232,2025-10-25 08:29:06,LOC_002,Imphal Airport Road,Manipur,Transport,24.76,93.8967,99.2,CRITICAL,Immediate Action Required,84.2,77.9,81.5,59.0,65.8,65.3,68.8,84.9
SCAN_20251025_084831_316,2025-10-25 08:48:31,LOC_036,Haflong Hills,Assam,Hilly,25.1667,93.0167,49.7,MODERATE,Routine Monitoring,90.7,44.1,46.9,55.1,54.3,36.8,62.2,59.1
SCAN_20251025_093645_270,2025-10-25 09:36:45,LOC_010,Senapati Checkpoint,Manipur,Checkpoint,25.2667,94.0333,55.7,HIGH,Enhanced Monitoring,85.0,33.7,39.2,45.9,56.4,67.1,42.9,59.4
SCAN_20251025_101111_066,2025-10-25 10:11:11,LOC_030,Tezpur Airbase,Assam,Military,26.6333,92.8,100.0,CRITICAL,Immediate Action Required,94.8,100.0,81.3,100.0,81.5,81.7,100.0,89.5
SCAN_20251025_115641_230,2025-10-25 11:56:41,LOC_034,Jorhat District,Assam,Rural,26.75,94.2167,40.7,MODERATE,Routine Monitoring,83.6,27.6,45.0,34.6,29.0,35.2,18.4,33.1
SCAN_20251025_132708_179,2025-10-25 13:27:08,LOC_012,Dimapur Junction,Nagaland,Transport,25.9097,93.7267,48.7,MODERATE,Routine Monitoring,97.6,51.4,40.4,46.6,31.4,38.6,42.2,24.1
SCAN_20251025_143528_445,2025-10-25 14:35:28,LOC_040,Kailashahar Checkpoint,Tripura,Checkpoint,24.3333,92.0,63.3,HIGH,Enhanced Monitoring,83.3,58.8,53.4,52.0,53.9,68.4,49.5,44.0
SCAN_20251025_160649_419,2025-10-25 16:06:49,LOC_042,Khowai Junction,Tripura,Transport,24.0667,91.6,35.1,MODERATE,Routine Monitoring,86.8,23.9,26.3,14.6,31.9,32.6,34.5,32.0
SCAN_20251025_164045_156,2025-10-25 16:40:45,LOC_015,Mokokchung Town,Nagaland,Urban,26.3222,94.5167,32.0,MODERATE,Routine Monitoring,92.7,36.3,17.2,19.9,17.2,15.4,29.8,33.4
SCAN_20251025_194849_063,2025-10-25 19:48:49,LOC_033,Dibrugarh Oil Town,Assam,Industrial,27.4833,94.9,26.8,MODERATE,Routine Monitoring,84.2,25.3,34.8,17.9,12.0,3.0,6.5,22.8
SCAN_20251025_210211_228,2025-10-25 21:02:11,LOC_043,Belonia Checkpoint,Tripura,Checkpoint,23.25,91.4667,73.5,HIGH,Enhanced Monitoring,88.1,60.2,54.9,56.1,54.5,64.2,52.7,67.3
SCAN_20251025_225033_489,2025-10-25 22:50:33,LOC_025,Nongpoh Junction,Meghalaya,Transport,25.9,91.8833,18.6,LOW,Area Cleared,89.5,18.8,6.3,8.3,13.1,7.0,18.3,0.0
SCAN_20251026_011625_333,2025-10-26 01:16:25,LOC_010,Senapati Checkpoint,Manipur,Checkpoint,25.2667,94.0333,45.6,MODERATE,Routine Monitoring,95.8,32.2,49.9,51.3,53.5,36.7,52.8,52.8
SCAN_20251026_075902_289,2025-10-26 07:59:02,LOC_020,Longleng Checkpoint,Nagaland,Checkpoint,26.45,94.9333,57.8,HIGH,Enhanced Monitoring,93.0,58.1,51.2,65.0,33.6,33.1,45.7,57.0
SCAN_20251026_080308_400,2025-10-26 08:03:08,LOC_050,Ziro Valley,Arunachal Pradesh,Hilly,27.5667,93.8333,24.8,LOW,Area Cleared,92.3,18.0,12.9,17.2,26.0,20.1,18.3,3.0
SCAN_20251026_085013_300,2025-10-26 08:50:13,LOC_006,Ukhrul Hills,Manipur,Hilly,25.06,94.36,56.0,HIGH,Enhanced Monitoring,85.1,50.0,49.9,51.1,50.5,53.7,50.8,21.5
SCAN_20251026_093920_334,2025-10-26 09:39:20,LOC_030,Tezpur Airbase,Assam,Military,26.6333,92.8,100.0,CRITICAL,Immediate Action Required,83.6,87.0,91.7,93.8,84.9,85.8,81.5,76.0
SCAN_20251026_113209_070,2025-10-26 11:32:09,LOC_044,Aizawl City,Mizoram,Urban,23.7307,92.7173,17.5,LOW,Area Cleared,94.2,10.7,6.1,21.5,0.0,0.0,21.1,9.5
SCAN_20251026_131822_343,2025-10-26 13:18:22,LOC_028,Williamnagar Border,Meghalaya,Border,25.4833,90.1333,100.0,CRITICAL,Immediate Action Required,84.7,73.8,80.5,94.1,81.0,71.0,60.0,76.8
SCAN_20251026_153027_284,2025-10-26 15:30:27,LOC_007,Moreh Border Post,Manipur,Border,24.4,94.0167,100.0,CRITICAL,Immediate Action Required,83.5,82.9,83.1,88.6,95.3,99.2,72.7,89.2
SCAN_20251026_184032_024,2025-10-26 18:40:32,LOC_016,Wokha Checkpoint,Nagaland,Checkpoint,26.1,94.2667,57.9,HIGH,Enhanced Monitoring,89.2,42.4,51.1,46.4,54.4,60.4,48.1,48.2
SCAN_20251026_192843_480,2025-10-26 19:28:43,LOC_046,Lunglei Town,Mizoram,Urban,22.8833,92.7333,40.4,MODERATE,Routine Monitoring,89.8,36.2,19.1,18.4,45.5,42.6,37.5,33.5
SCAN_20251026_213708_008,2025-10-26 21:37:08,LOC_039,Udaipur District,Tripura,Rural,23.5333,91.4833,17.7,LOW,Area Cleared,89.4,13.8,18.4,15.6,0.0,0.0,10.2,2.8
SCAN_20251026_215345_375,2025-10-26 21:53:45,LOC_003,Bishnupur District,Manipur,Rural,24.5965,93.7699,10.9,LOW,Area Cleared,83.3,11.7,0.0,0.0,0.0,0.0,1.8,4.3
SCAN_20251026_232502_294,2025-10-26 23:25:02,LOC_001,Imphal City Center,Manipur,Urban,24.817,93.9368,62.8,HIGH,Enhanced Monitoring,88.3,60.0,51.5,50.1,55.2,52.1,61.9,54.2
SCAN_20251027_072122_414,2025-10-27 07:21:22,LOC_004,Churachandpur Border,Manipur,Border,24.3333,93.6833,63.0,HIGH,Enhanced Monitoring,94.3,57.6,49.6,44.5,56.2,59.2,52.8,69.6
SCAN_20251027_072644_131,2025-10-27 07:26:44,LOC_046,Lunglei Town,Mizoram,Urban,22.8833,92.7333,46.3,MODERATE,Routine Monitoring,97.3,40.3,27.6,32.6,48.5,48.4,40.3,33.1
SCAN_20251027_111309_003,2025-10-27 11:13:09,LOC_016,Wokha Checkpoint,Nagaland,Checkpoint,26.1,94.2667,44.0,MODERATE,Routine Monitoring,96.0,30.9,27.4,50.1,36.8,46.0,41.0,19.8
SCAN_20251027_122952_050,2025-10-27 12:29:52,LOC_029,Guwahati City,Assam,Urban,26.1445,91.7362,27.3,MODERATE,Routine Monitoring,87.8,30.7,28.9,9.0,17.7,8.7,17.7,14.3
SCAN_20251027_150258_164,2025-10-27 15:02:58,LOC_037,Agartala City,Tripura,Urban,23.8315,91.2868,26.9,MODERATE,Routine Monitoring,93.4,15.3,27.5,14.7,17.2,31.7,8.2,10.0
SCAN_20251027_160519_382,2025-10-27 16:05:19,LOC_006,Ukhrul Hills,Manipur,Hilly,25.06,94.36,44.1,MODERATE,Routine Monitoring,96.8,33.6,23.7,44.0,35.5,32.4,52.7,41.0
SCAN_20251027_194833_076,2025-10-27 19:48:33,LOC_012,Dimapur Junction,Nagaland,Transport,25.9097,93.7267,31.8,MODERATE,Routine Monitoring,94.5,18.0,37.5,25.1,10.4,14.1,17.3,46.3
SCAN_20251027_200259_200,2025-10-27 20:02:59,LOC_011,Kohima City,Nagaland,Urban,25.6747,94.1078,12.8,LOW,Area Cleared,83.0,0.0,6.1,2.5,5.0,1.9,13.8,10.9
SCAN_20251027_211343_268,2025-10-27 21:13:43,LOC_044,Aizawl City,Mizoram,Urban,23.7307,92.7173,31.3,MODERATE,Routine Monitoring,83.6,21.3,22.7,43.4,13.2,5.7,22.1,37.7
SCAN_20251027_220423_473,2025-10-27 22:04:23,LOC_012,Dimapur Junction,Nagaland,Transport,25.9097,93.7267,56.6,HIGH,Enhanced Monitoring,90.1,26.6,39.9,46.0,68.5,79.5,33.7,56.6
SCAN_20251027_232047_355,2025-10-27 23:20:47,LOC_030,Tezpur Airbase,Assam,Military,26.6333,92.8,97.6,CRITICAL,Immediate Action Required,90.3,78.5,72.5,79.2,64.9,64.8,75.5,59.5
SCAN_20251028_041042_059,2025-10-28 04:10:42,LOC_042,Khowai Junction,Tripura,Transport,24.0667,91.6,26.5,MODERATE,Routine Monitoring,89.3,17.8,10.7,25.5,25.6,24.8,21.9,2.1
SCAN_20251028_041728_052,2025-10-28 04:17:28,LOC_044,Aizawl City,Mizoram,Urban,23.7307,92.7173,30.9,MODERATE,Routine Monitoring,93.1,27.9,23.4,13.5,19.0,11.7,34.1,36.7
SCAN_20251028_070352_339,2025-10-28 07:03:52,LOC_046,Lunglei Town,Mizoram,Urban,22.8833,92.7333,13.1,LOW,Area Cleared,92.9,3.2,0.0,0.0,15.2,17.9,0.0,0.0
SCAN_20251028_072126_239,2025-10-28 07:21:26,LOC_039,Udaipur District,Tripura,Rural,23.5333,91.4833,21.6,LOW,Area Cleared,92.5,14.2,16.5,15.1,7.0,3.7,25.9,15.6
SCAN_20251028_084818_277,2025-10-28 08:48:18,LOC_030,Tezpur Airbase,Assam,Military,26.6333,92.8,100.0,CRITICAL,Immediate Action Required,84.6,89.9,71.2,79.3,81.2,88.5,92.2,87.2
SCAN_20251028_090728_449,2025-10-28 09:07:28,LOC_031,Silchar Airport,Assam,Transport,24.9128,92.9786,40.9,MODERATE,Routine Monitoring,85.7,25.6,39.8,37.5,31.2,22.2,28.4,50.5
SCAN_20251028_093813_129,2025-10-28 09:38:13,LOC_042,Khowai Junction,Tripura,Transport,24.0667,91.6,11.8,LOW,Area Cleared,89.8,7.8,7.2,0.0,7.7,0.0,0.0,0.0
SCAN_20251028_110201_040,2025-10-28 11:02:01,LOC_030,Tezpur Airbase,Assam,Military,26.6333,92.8,95.0,CRITICAL,Immediate Action Required,84.7,65.0,73.4,74.1,72.4,76.6,76.3,89.0
SCAN_20251028_122918_207,2025-10-28 12:29:18,LOC_012,Dimapur Junction,Nagaland,Transport,25.9097,93.7267,66.1,HIGH,Enhanced Monitoring,93.3,75.6,44.3,56.3,60.7,55.3,66.3,43.6
SCAN_20251028_125808_086,2025-10-28 12:58:08,LOC_029,Guwahati City,Assam,Urban,26.1445,91.7362,20.5,LOW,Area Cleared,85.1,7.6,23.4,4.2,16.1,8.5,5.6,23.4
SCAN_20251028_155615_233,2025-10-28 15:56:15,LOC_026,Cherrapunji Hills,Meghalaya,Hilly,25.3,91.7,43.8,MODERATE,Routine Monitoring,87.9,38.3,43.4,31.8,34.7,37.2,31.4,26.1
SCAN_20251028_162107_265,2025-10-28 16:21:07,LOC_045,Champhai Border,Mizoram,Border,23.4667,93.3333,100.0,CRITICAL,Immediate Action Required,85.8,100.0,98.7,96.5,100.0,100.0,97.0,88.1
SCAN_20251028_180710_336,2025-10-28 18:07:10,LOC_011,Kohima City,Nagaland,Urban,25.6747,94.1078,19.9,LOW,Area Cleared,85.8,21.8,11.4,14.6,2.1,0.0,15.6,14.9
SCAN_20251028_193832_455,2025-10-28 19:38:32,LOC_046,Lunglei Town,Mizoram,Urban,22.8833,92.7333,9.9,LOW,Area Cleared,97.0,0.0,0.0,0.0,0.0,9.8,0.0,4.3
SCAN_20251028_200633_332,2025-10-28 20:06:33,LOC_048,Itanagar Capital,Arunachal Pradesh,Urban,27.1,93.6167,44.0,MODERATE,Routine Monitoring,84.9,31.0,29.3,39.8,53.4,43.5,27.1,29.6
SCAN_20251028_214438_187,2025-10-28 21:44:38,LOC_048,Itanagar Capital,Arunachal Pradesh,Urban,27.1,93.6167,22.0,LOW,Area Cleared,82.2,13.4,15.9,17.6,0.0,9.8,15.6,27.6
SCAN_20251028_222813_346,2025-10-28 22:28:13,LOC_016,Wokha Checkpoint,Nagaland,Checkpoint,26.1,94.2667,37.3,MODERATE,Routine Monitoring,93.2,34.7,17.6,40.4,27.1,25.5,14.0,46.3
SCAN_20251029_035925_279,2025-10-29 03:59:25,LOC_005,Thoubal Checkpoint,Manipur,Checkpoint,24.6333,94.0,61.3,HIGH,Enhanced Monitoring,88.2,50.4,41.9,52.2,71.8,73.8,43.8,38.0
SCAN_20251029_040716_210,2025-10-29 04:07:16,LOC_010,Senapati Checkpoint,Manipur,Checkpoint,25.2667,94.0333,39.4,MODERATE,Routine Monitoring,83.2,31.3,33.6,39.6,30.7,33.8,18.6,25.4
SCAN_20251029_043023_383,2025-10-29 04:30:23,LOC_009,Kakching District,Manipur,Rural,24.4986,93.9811,40.5,MODERATE,Routine Monitoring,94.0,20.7,39.2,24.9,41.4,35.0,41.6,32.0
SCAN_20251029_043646_231,2025-10-29 04:36:46,LOC_046,Lunglei Town,Mizoram,Urban,22.8833,92.7333,14.4,LOW,Area Cleared,95.2,13.2,3.5,8.3,0.0,0.0,11.2,7.6
SCAN_20251029_071543_007,2025-10-29 07:15:43,LOC_010,Senapati Checkpoint,Manipur,Checkpoint,25.2667,94.0333,50.3,HIGH,Enhanced Monitoring,91.1,34.6,26.3,57.6,46.6,44.5,48.9,48.8
SCAN_20251029_072059_390,2025-10-29 07:20:59,LOC_043,Belonia Checkpoint,Tripura,Checkpoint,23.25,91.4667,51.1,HIGH,Enhanced Monitoring,84.1,39.4,41.1,55.5,39.7,42.8,41.3,41.6
SCAN_20251029_075510_365,2025-10-29 07:55:10,LOC_049,Tawang Border,Arunachal Pradesh,Border,27.5833,91.8667,98.8,CRITICAL,Immediate Action Required,87.9,76.0,79.9,62.5,69.8,64.5,70.4,77.1
SCAN_20251029_082541_485,2025-10-29 08:25:41,LOC_027,Baghmara District,Meghalaya,Rural,25.1833,90.6333,46.1,MODERATE,Routine Monitoring,82.5,41.1,32.7,25.4,43.0,44.9,36.5,46.9
SCAN_20251029_104504_435,2025-10-29 10:45:04,LOC_017,Zunheboto Hills,Nagaland,Hilly,25.9667,94.5333,18.0,LOW,Area Cleared,91.8,13.8,0.3,31.0,0.0,0.0,0.0,25.0
SCAN_20251029_110023_399,2025-10-29 11:00:23,LOC_030,Tezpur Airbase,Assam,Military,26.6333,92.8,89.0,CRITICAL,Immediate Action Required,96.2,58.3,75.9,90.3,83.6,85.5,57.7,85.0
SCAN_20251029_122356_119,2025-10-29 12:23:56,LOC_035,Kokrajhar Border,Assam,Border,26.4014,90.2714,100.0,CRITICAL,Immediate Action Required,86.8,75.0,76.6,69.3,91.6,84.5,84.8,73.6
SCAN_20251029_140410_308,2025-10-29 14:04:10,LOC_015,Mokokchung Town,Nagaland,Urban,26.3222,94.5167,24.5,LOW,Area Cleared,95.1,0.0,16.5,27.3,14.1,18.6,22.1,27.9
SCAN_20251029_143303_406,2025-10-29 14:33:03,LOC_033,Dibrugarh Oil Town,Assam,Industrial,27.4833,94.9,35.7,MODERATE,Routine Monitoring,90.8,25.4,26.6,27.3,29.2,30.9,27.9,28.5
SCAN_20251029_152811_491,2025-10-29 15:28:11,LOC_011,Kohima City,Nagaland,Urban,25.6747,94.1078,12.2,LOW,Area Cleared,85.3,0.0,5.8,6.9,1.8,3.8,6.8,6.8
SCAN_20251029_200924_478,2025-10-29 20:09:24,LOC_028,Williamnagar Border,Meghalaya,Border,25.4833,90.1333,62.0,HIGH,Enhanced Monitoring,97.6,63.2,61.3,49.5,49.4,52.2,51.9,39.1
SCAN_20251029_224746_171,2025-10-29 22:47:46,LOC_040,Kailashahar Checkpoint,Tripura,Checkpoint,24.3333,92.0,72.7,HIGH,Enhanced Monitoring,85.2,63.0,58.9,46.7,53.2,58.6,44.1,79.4
SCAN_20251029_231516_134,2025-10-29 23:15:16,LOC_021,Shillong City Center,Meghalaya,Urban,25.5788,91.8933,49.9,MODERATE,Routine Monitoring,96.8,51.4,35.6,51.7,42.5,36.6,35.6,33.4
SCAN_20251029_235838_402,2025-10-29 23:58:38,LOC_035,Kokrajhar Border,Assam,Border,26.4014,90.2714,100.0,CRITICAL,Immediate Action Required,83.8,77.8,76.5,91.8,94.3,86.5,75.6,70.9
SCAN_20251030_014341_307,2025-10-30 01:43:41,LOC_034,Jorhat District,Assam,Rural,26.75,94.2167,18.4,LOW,Area Cleared,82.1,2.5,21.5,4.5,14.8,17.8,0.0,8.8
SCAN_20251030_020313_073,2025-10-30 02:03:13,LOC_027,Baghmara District,Meghalaya,Rural,25.1833,90.6333,47.8,MODERATE,Routine Monitoring,95.6,50.9,46.1,45.5,31.9,30.2,43.3,18.2
SCAN_20251030_023033_135,2025-10-30 02:30:33,LOC_007,Moreh Border Post,Manipur,Border,24.4,94.0167,100.0,CRITICAL,Immediate Action Required,83.2,100.0,91.3,77.9,100.0,88.6,80.1,85.4
SCAN_20251030_040946_314,2025-10-30 04:09:46,LOC_034,Jorhat District,Assam,Rural,26.75,94.2167,23.3,LOW,Area Cleared,90.6,11.3,27.2,12.4,21.1,17.5,10.5,1.0
SCAN_20251030_044807_201,2025-10-30 04:48:07,LOC_032,Bongaigaon Refinery,Assam,Industrial,26.4833,90.55,100.0,CRITICAL,Immediate Action Required,95.1,75.3,74.3,67.6,53.8,62.4,66.0,70.4
SCAN_20251030_054427_173,2025-10-30 05:44:27,LOC_014,Tuensang District,Nagaland,Rural,26.2667,94.8167,34.8,MODERATE,Routine Monitoring,84.1,25.4,34.4,28.5,22.5,15.5,19.2,43.3
SCAN_20251030_055948_012,2025-10-30 05:59:48,LOC_022,Tura Town,Meghalaya,Urban,25.5138,90.2022,38.7,MODERATE,Routine Monitoring,93.5,38.3,37.9,22.0,24.8,33.9,25.2,23.6
SCAN_20251030_080406_123,2025-10-30 08:04:06,LOC_046,Lunglei Town,Mizoram,Urban,22.8833,92.7333,25.3,MODERATE,Routine Monitoring,93.3,15.3,8.0,16.7,29.0,28.7,0.0,25.2
SCAN_20251030_080551_342,2025-10-30 08:05:51,LOC_027,Baghmara District,Meghalaya,Rural,25.1833,90.6333,31.4,MODERATE,Routine Monitoring,96.2,33.0,24.4,35.0,17.0,6.6,20.6,21.0
SCAN_20251030_121307_108,2025-10-30 12:13:07,LOC_004,Churachandpur Border,Manipur,Border,24.3333,93.6833,93.9,CRITICAL,Immediate Action Required,90.4,72.2,76.9,55.0,74.1,62.0,59.7,61.8
SCAN_20251030_174054_408,2025-10-30 17:40:54,LOC_018,Phek District,Nagaland,Rural,25.6667,94.5,26.5,MODERATE,Routine Monitoring,94.6,13.5,22.9,29.8,19.0,9.3,22.4,12.9
SCAN_20251030_202345_043,2025-10-30 20:23:45,LOC_033,Dibrugarh Oil Town,Assam,Industrial,27.4833,94.9,47.6,MODERATE,Routine Monitoring,86.4,37.4,37.4,54.0,32.1,33.8,47.5,36.0
SCAN_20251030_233806_377,2025-10-30 23:38:06,LOC_029,Guwahati City,Assam,Urban,26.1445,91.7362,26.3,MODERATE,Routine Monitoring,92.8,20.4,20.5,13.5,20.6,14.0,19.0,20.1
SCAN_20251031_002355_326,2025-10-31 00:23:55,LOC_024,Jowai Checkpoint,Meghalaya,Checkpoint,25.45,92.2,60.0,HIGH,Enhanced Monitoring,94.8,55.9,44.6,55.3,48.8,50.7,39.1,70.8
SCAN_20251031_035416_112,2025-10-31 03:54:16,LOC_045,Champhai Border,Mizoram,Border,23.4667,93.3333,100.0,CRITICAL,Immediate Action Required,92.3,79.0,78.2,75.6,59.3,66.7,79.1,46.3
SCAN_20251031_041340_100,2025-10-31 04:13:40,LOC_044,Aizawl City,Mizoram,Urban,23.7307,92.7173,36.8,MODERATE,Routine Monitoring,92.4,25.0,23.9,17.1,28.5,34.8,45.1,37.6
SCAN_20251031_050546_116,2025-10-31 05:05:46,LOC_031,Silchar Airport,Assam,Transport,24.9128,92.9786,69.6,HIGH,Enhanced Monitoring,93.8,58.5,57.0,60.6,72.0,74.2,55.3,52.8
SCAN_20251031_071106_398,2025-10-31 07:11:06,LOC_029,Guwahati City,Assam,Urban,26.1445,91.7362,24.5,LOW,Area Cleared,96.0,8.6,10.3,16.8,19.1,16.9,27.7,27.7
SCAN_20251031_090731_218,2025-10-31 09:07:31,LOC_043,Belonia Checkpoint,Tripura,Checkpoint,23.25,91.4667,63.5,HIGH,Enhanced Monitoring,96.2,56.2,51.2,51.5,56.2,56.5,64.3,56.9
SCAN_20251031_104130_499,2025-10-31 10:41:30,LOC_040,Kailashahar Checkpoint,Tripura,Checkpoint,24.3333,92.0,82.3,CRITICAL,Immediate Action Required,83.9,63.3,48.6,67.4,54.2,61.2,66.0,75.4
SCAN_20251031_112345_287,2025-10-31 11:23:45,LOC_011,Kohima City,Nagaland,Urban,25.6747,94.1078,19.7,LOW,Area Cleared,96.4,7.2,12.1,29.3,1.7,0.0,25.0,10.4
SCAN_20251031_113421_085,2025-10-31 11:34:21,LOC_030,Tezpur Airbase,Assam,Military,26.6333,92.8,100.0,CRITICAL,Immediate Action Required,90.6,92.1,85.6,84.7,89.7,73.2,87.2,79.6
SCAN_20251031_163113_492,2025-10-31 16:31:13,LOC_005,Thoubal Checkpoint,Manipur,Checkpoint,24.6333,94.0,36.4,MODERATE,Routine Monitoring,82.3,29.5,16.6,33.4,38.2,34.4,12.9,34.5
SCAN_20251031_163448_240,2025-10-31 16:34:48,LOC_010,Senapati Checkpoint,Manipur,Checkpoint,25.2667,94.0333,59.1,HIGH,Enhanced Monitoring,88.5,53.5,51.0,59.0,48.1,50.8,58.0,32.1
SCAN_20251031_194949_280,2025-10-31 19:49:49,LOC_010,Senapati Checkpoint,Manipur,Checkpoint,25.2667,94.0333,63.0,HIGH,Enhanced Monitoring,89.1,43.5,61.4,58.4,58.8,53.4,71.3,43.1
SCAN_20251031_195008_327,2025-10-31 19:50:08,LOC_030,Tezpur Airbase,Assam,Military,26.6333,92.8,100.0,CRITICAL,Immediate Action Required,89.3,99.2,86.7,86.2,65.8,53.2,89.2,96.5
SCAN_20251031_234422_102,2025-10-31 23:44:22,LOC_027,Baghmara District,Meghalaya,Rural,25.1833,90.6333,87.3,CRITICAL,Immediate Action Required,90.7,63.1,66.5,58.2,84.2,98.4,51.6,89.7
SCAN_20251101_002520_215,2025-11-01 00:25:20,LOC_026,Cherrapunji Hills,Meghalaya,Hilly,25.3,91.7,38.6,MODERATE,Routine Monitoring,93.7,22.8,30.6,28.8,33.3,33.1,33.1,39.6
SCAN_20251101_013230_197,2025-11-01 01:32:30,LOC_017,Zunheboto Hills,Nagaland,Hilly,25.9667,94.5333,16.0,LOW,Area Cleared,95.4,5.0,12.4,11.5,12.1,6.2,0.0,6.2
SCAN_20251101_021404_054,2025-11-01 02:14:04,LOC_026,Cherrapunji Hills,Meghalaya,Hilly,25.3,91.7,39.3,MODERATE,Routine Monitoring,90.4,21.7,16.0,45.4,40.7,39.9,25.7,38.0
SCAN_20251101_024304_055,2025-11-01 02:43:04,LOC_014,Tuensang District,Nagaland,Rural,26.2667,94.8167,61.2,HIGH,Enhanced Monitoring,83.3,55.4,52.0,44.0,55.0,66.5,47.9,47.9
SCAN_20251101_032620_016,2025-11-01 03:26:20,LOC_033,Dibrugarh Oil Town,Assam,Industrial,27.4833,94.9,61.8,HIGH,Enhanced Monitoring,86.2,43.3,59.1,58.5,52.6,56.7,43.0,66.6
SCAN_20251101_041657_306,2025-11-01 04:16:57,LOC_031,Silchar Airport,Assam,Transport,24.9128,92.9786,53.6,HIGH,Enhanced Monitoring,91.4,50.0,45.5,63.5,33.4,28.5,40.9,54.7
SCAN_20251101_044529_216,2025-11-01 04:45:29,LOC_003,Bishnupur District,Manipur,Rural,24.5965,93.7699,35.1,MODERATE,Routine Monitoring,94.1,31.0,35.8,24.7,15.0,25.6,33.8,16.9
SCAN_20251101_045137_311,2025-11-01 04:51:37,LOC_002,Imphal Airport Road,Manipur,Transport,24.76,93.8967,78.4,CRITICAL,Immediate Action Required,85.5,78.5,61.3,79.6,42.9,45.2,81.2,56.7
SCAN_20251101_054532_274,2025-11-01 05:45:32,LOC_013,Mon Border Area,Nagaland,Border,26.7167,95.0,70.0,HIGH,Enhanced Monitoring,95.8,57.2,68.4,71.3,57.4,44.8,59.4,79.9
SCAN_20251101_064230_034,2025-11-01 06:42:30,LOC_045,Champhai Border,Mizoram,Border,23.4667,93.3333,100.0,CRITICAL,Immediate Action Required,97.1,74.6,70.4,75.3,70.4,71.7,74.1,86.1
SCAN_20251101_075306_262,2025-11-01 07:53:06,LOC_026,Cherrapunji Hills,Meghalaya,Hilly,25.3,91.7,13.4,LOW,Area Cleared,93.3,6.8,7.6,2.2,1.4,2.7,4.0,14.1
SCAN_20251101_081613_206,2025-11-01 08:16:13,LOC_001,Imphal City Center,Manipur,Urban,24.817,93.9368,31.1,MODERATE,Routine Monitoring,85.5,26.0,25.5,21.9,39.3,23.0,56.8,41.2
SCAN_20251101_111722_142,2025-11-01 11:17:22,LOC_015,Mokokchung Town,Nagaland,Urban,26.3222,94.5167,33.9,MODERATE,Routine Monitoring,89.0,28.8,23.3,28.6,26.6,31.7,16.8,20.2
SCAN_20251101_134905_105,2025-11-01 13:49:05,LOC_004,Churachandpur Border,Manipur,Border,24.3333,93.6833,73.0,HIGH,Enhanced Monitoring,86.2,65.2,64.0,56.2,73.0,72.3,72.3,51.9
SCAN_20251101_140741_356,2025-11-01 14:07:41,LOC_043,Belonia Checkpoint,Tripura,Checkpoint,23.25,91.4667,50.8,HIGH,Enhanced Monitoring,90.3,44.9,39.0,33.7,34.1,44.2,62.0,48.3
SCAN_20251101_173337_180,2025-11-01 17:33:37,LOC_020,Longleng Checkpoint,Nagaland,Checkpoint,26.45,94.9333,63.4,HIGH,Enhanced Monitoring,97.8,52.2,47.6,70.2,44.4,49.2,62.4,68.7
SCAN_20251101_213541_167,2025-11-01 21:35:41,LOC_009,Kakching District,Manipur,Rural,24.4986,93.9811,41.8,MODERATE,Routine Monitoring,92.1,29.1,26.8,35.7,38.8,39.0,47.7,25.6
SCAN_20251101_214435_011,2025-11-01 21:44:35,LOC_043,Belonia Checkpoint,Tripura,Checkpoint,23.25,91.4667,48.5,MODERATE,Routine Monitoring,89.9,46.9,33.9,33.4,50.7,45.5,21.7,49.6
SCAN_20251101_215116_114,2025-11-01 21:51:16,LOC_025,Nongpoh Junction,Meghalaya,Transport,25.9,91.8833,31.4,MODERATE,Routine Monitoring,93.5,25.5,27.3,33.7,24.0,12.4,23.7,12.1
SCAN_20251101_232520_412,2025-11-01 23:25:20,LOC_019,Peren Border,Nagaland,Border,25.5,93.7333,65.0,HIGH,Enhanced Monitoring,91.8,56.2,66.8,70.0,43.8,42.4,55.0,60.9
SCAN_20251101_234442_251,2025-11-01 23:44:42,LOC_047,Saiha District,Mizoram,Rural,22.4833,92.9833,55.1,HIGH,Enhanced Monitoring,84.1,43.1,33.2,46.2,64.0,71.1,32.5,39.4
SCAN_20251101_235259_481,2025-11-01 23:52:59,LOC_025,Nongpoh Junction,Meghalaya,Transport,25.9,91.8833,21.7,LOW,Area Cleared,91.5,24.1,15.9,18.7,1.3,1.4,28.7,0.3
SCAN_20251102_010633_378,2025-11-02 01:06:33,LOC_013,Mon Border Area,Nagaland,Border,26.7167,95.0,100.0,CRITICAL,Immediate Action Required,82.8,74.8,80.1,87.3,74.1,76.7,89.3,86.2
SCAN_20251102_015914_026,2025-11-02 01:59:14,LOC_001,Imphal City Center,Manipur,Urban,24.817,93.9368,72.3,HIGH,Enhanced Monitoring,83.1,65.5,51.5,44.0,58.6,56.9,65.4,62.0
